step,track,model,dataset,Memory in Mb,Time in s,Valid updates,Accuracy,F1
5697,Anomaly detection,HalfSpaceTrees,creditcard,1482.1875,0.8326236249995418,5697,0.981920308934527,0.0
11394,Anomaly detection,HalfSpaceTrees,creditcard,1498.4375,1.5546067079994828,5697,0.9869229418992452,0.0
17091,Anomaly detection,HalfSpaceTrees,creditcard,1510.1875,2.165525707998313,5697,0.9897021824351998,0.0
22788,Anomaly detection,HalfSpaceTrees,creditcard,1521.9375,2.772774749999371,5697,0.9918378093733544,0.0
28485,Anomaly detection,HalfSpaceTrees,creditcard,1533.6875,3.3797902500009513,5697,0.9932245041249781,0.0
34182,Anomaly detection,HalfSpaceTrees,creditcard,1545.453125,3.9895993749996705,5697,0.9940612018021181,0.0
39879,Anomaly detection,HalfSpaceTrees,creditcard,1557.203125,4.60432445799961,5697,0.9948845256902129,0.0
45576,Anomaly detection,HalfSpaceTrees,creditcard,1568.953125,5.212736707999284,5697,0.9946901878181499,0.0
51273,Anomaly detection,HalfSpaceTrees,creditcard,1580.703125,5.827570624998771,5697,0.995124139410606,0.0
56970,Anomaly detection,HalfSpaceTrees,creditcard,1592.453125,6.448070124999504,5697,0.9954888537826927,0.0
62667,Anomaly detection,HalfSpaceTrees,creditcard,1604.203125,7.172073875000933,5697,0.9957872564507636,0.0
68364,Anomaly detection,HalfSpaceTrees,creditcard,1615.96875,7.785638207999,5697,0.9960359253408226,0.0
74061,Anomaly detection,HalfSpaceTrees,creditcard,1627.71875,8.399989624998852,5697,0.9962193327122237,0.0
79758,Anomaly detection,HalfSpaceTrees,creditcard,1639.46875,9.024291249999806,5697,0.996326387321648,0.0
85455,Anomaly detection,HalfSpaceTrees,creditcard,1651.21875,9.640399749998323,5697,0.9964425721139781,0.0
91152,Anomaly detection,HalfSpaceTrees,creditcard,1662.96875,10.23953099999926,5697,0.9965881165525715,0.0
96849,Anomaly detection,HalfSpaceTrees,creditcard,1674.734375,10.853250374999334,5697,0.9966855620605272,0.0
102546,Anomaly detection,HalfSpaceTrees,creditcard,1686.484375,11.46573270799854,5697,0.9967721802898212,0.0
108243,Anomaly detection,HalfSpaceTrees,creditcard,1698.234375,12.050716165998892,5697,0.9968866347015511,0.0
113940,Anomaly detection,HalfSpaceTrees,creditcard,1709.984375,12.673682374999771,5697,0.99700719677023,0.0
119637,Anomaly detection,HalfSpaceTrees,creditcard,1721.734375,13.294679208000161,5697,0.9971162767371298,0.0
125334,Anomaly detection,HalfSpaceTrees,creditcard,1733.5,13.936992457998713,5697,0.9971356535337578,0.0
131031,Anomaly detection,HalfSpaceTrees,creditcard,1745.25,14.559487124999578,5697,0.9972449267730537,0.0
136728,Anomaly detection,HalfSpaceTrees,creditcard,1494.78125,15.25260941599845,5697,0.997345093909075,0.0
142425,Anomaly detection,HalfSpaceTrees,creditcard,1506.53125,15.837086166000518,5697,0.9974021414779709,0.0
148122,Anomaly detection,HalfSpaceTrees,creditcard,1518.28125,16.46187720799935,5697,0.9974007912396538,0.0
153819,Anomaly detection,HalfSpaceTrees,creditcard,1530.046875,17.072915665998153,5697,0.997204506595414,0.0
159516,Anomaly detection,HalfSpaceTrees,creditcard,1541.796875,17.666108958001132,5697,0.9971413525915895,0.0
165213,Anomaly detection,HalfSpaceTrees,creditcard,1553.546875,18.385885874999076,5697,0.9972278210552439,0.0
170910,Anomaly detection,HalfSpaceTrees,creditcard,1565.296875,18.99972933299796,5697,0.9973085249546545,0.0
176607,Anomaly detection,HalfSpaceTrees,creditcard,1577.046875,19.620572749998246,5697,0.9973840221508774,0.0
182304,Anomaly detection,HalfSpaceTrees,creditcard,1588.8125,20.24524304100123,5697,0.9974493154291733,0.0
188001,Anomaly detection,HalfSpaceTrees,creditcard,1600.5625,20.83547499999986,5697,0.9975106515390876,0.0
193698,Anomaly detection,HalfSpaceTrees,creditcard,1608.171875,21.512429250000423,5697,0.9975167528833545,0.0
199395,Anomaly detection,HalfSpaceTrees,creditcard,1608.171875,22.129074749998836,5697,0.9975726572882971,0.0
205092,Anomaly detection,HalfSpaceTrees,creditcard,1608.171875,22.753460541000095,5697,0.9975962007294288,0.0
210789,Anomaly detection,HalfSpaceTrees,creditcard,1608.171875,23.376524208000774,5697,0.9976564241967085,0.0
216486,Anomaly detection,HalfSpaceTrees,creditcard,1608.171875,23.995037624998076,5697,0.997676524117033,0.0
222183,Anomaly detection,HalfSpaceTrees,creditcard,1608.171875,24.611094625000987,5697,0.9977045948609929,0.0
227880,Anomaly detection,HalfSpaceTrees,creditcard,1608.171875,25.229765125000995,5697,0.997731262067755,0.0
233577,Anomaly detection,HalfSpaceTrees,creditcard,1608.171875,25.837054999999964,5697,0.9977609096786071,0.0
239274,Anomaly detection,HalfSpaceTrees,creditcard,1608.171875,26.459976416001155,5697,0.9977640696440064,0.0
244971,Anomaly detection,HalfSpaceTrees,creditcard,1608.171875,27.079487457998766,5697,0.9977670826342709,0.0
250668,Anomaly detection,HalfSpaceTrees,creditcard,1608.171875,27.677172583000356,5697,0.9977739480109148,0.0
256365,Anomaly detection,HalfSpaceTrees,creditcard,1610.1875,28.314854374999413,5697,0.9977766075712363,0.0
262062,Anomaly detection,HalfSpaceTrees,creditcard,1610.1875,28.95084129099996,5697,0.9978096786256687,0.0
267759,Anomaly detection,HalfSpaceTrees,creditcard,1610.1875,29.528134625001258,5697,0.9978338729977331,0.0
273456,Anomaly detection,HalfSpaceTrees,creditcard,1610.1875,30.116459415999998,5697,0.9978716868527295,0.0
279153,Anomaly detection,HalfSpaceTrees,creditcard,1610.1875,30.731382707999728,5697,0.9978972104903046,0.0
9881,Anomaly detection,HalfSpaceTrees,kdd99_10pct_binary,1676.5625,1.5501260000019101,9881,0.9783422730492866,0.9487302347867752
19762,Anomaly detection,HalfSpaceTrees,kdd99_10pct_binary,1676.84375,2.947062791001372,9881,0.9723206153223358,0.9291542546302293
29643,Anomaly detection,HalfSpaceTrees,kdd99_10pct_binary,1676.96875,4.4157391660010035,9881,0.9738892824612894,0.9030561122244489
39524,Anomaly detection,HalfSpaceTrees,kdd99_10pct_binary,1676.96875,5.784123166002246,9881,0.9803916607630807,0.9029430181590482
49405,Anomaly detection,HalfSpaceTrees,kdd99_10pct_binary,1676.96875,7.16087058300036,9881,0.9755692743649428,0.9469287253220771
59286,Anomaly detection,HalfSpaceTrees,kdd99_10pct_binary,1676.96875,8.52276991600229,9881,0.967462807408157,0.9516213979384546
69167,Anomaly detection,HalfSpaceTrees,kdd99_10pct_binary,1676.96875,9.924705416000506,9881,0.9721109777784204,0.9676532237779827
79048,Anomaly detection,HalfSpaceTrees,kdd99_10pct_binary,1676.96875,11.279782166002406,9881,0.9719917012448133,0.9682425841987492
88929,Anomaly detection,HalfSpaceTrees,kdd99_10pct_binary,1676.96875,12.805602791002457,9881,0.9683905137806564,0.960144054218832
98810,Anomaly detection,HalfSpaceTrees,kdd99_10pct_binary,1676.96875,14.159732125001028,9881,0.970185203926728,0.9652929949812682
108691,Anomaly detection,HalfSpaceTrees,kdd99_10pct_binary,1676.96875,15.623736290999659,9881,0.9717823922863899,0.967938867459048
118572,Anomaly detection,HalfSpaceTrees,kdd99_10pct_binary,1676.96875,16.948438458002784,9881,0.9741338595958574,0.9734281728944837
128453,Anomaly detection,HalfSpaceTrees,kdd99_10pct_binary,1676.96875,18.293480125001224,9881,0.9761235627038684,0.977312571661057
138334,Anomaly detection,HalfSpaceTrees,kdd99_10pct_binary,1676.96875,19.622099750002235,9881,0.9753422875070482,0.9774611963869194
148215,Anomaly detection,HalfSpaceTrees,kdd99_10pct_binary,1676.984375,21.020014249999804,9881,0.9638025840839322,0.9655442594103028
158096,Anomaly detection,HalfSpaceTrees,kdd99_10pct_binary,1676.984375,22.366504790999898,9881,0.9638068009310798,0.9669374689424843
167977,Anomaly detection,HalfSpaceTrees,kdd99_10pct_binary,1676.984375,23.799284625001746,9881,0.9659358126410164,0.9703258862820753
177858,Anomaly detection,HalfSpaceTrees,kdd99_10pct_binary,1676.984375,25.131848958000774,9881,0.9678282674942932,0.9730843407498
187739,Anomaly detection,HalfSpaceTrees,kdd99_10pct_binary,1676.984375,26.493492708003032,9881,0.9695215165735409,0.9753735711334527
197620,Anomaly detection,HalfSpaceTrees,kdd99_10pct_binary,1676.984375,27.902475082999445,9881,0.9710454407448639,0.9773039180688101
207501,Anomaly detection,HalfSpaceTrees,kdd99_10pct_binary,1676.984375,29.27650691600138,9881,0.9724242292808227,0.9789536406302873
217382,Anomaly detection,HalfSpaceTrees,kdd99_10pct_binary,1676.984375,30.713570457999595,9881,0.9736776734044217,0.9803797858989569
227263,Anomaly detection,HalfSpaceTrees,kdd99_10pct_binary,1677.0,32.08995854100067,9881,0.9748221223868382,0.9816249197174053
237144,Anomaly detection,HalfSpaceTrees,kdd99_10pct_binary,1677.0,33.491447541000525,9881,0.9758712006207199,0.9827214475090741
247025,Anomaly detection,HalfSpaceTrees,kdd99_10pct_binary,1677.0,34.860996750001505,9881,0.9768363525958911,0.9836944751570141
256906,Anomaly detection,HalfSpaceTrees,kdd99_10pct_binary,1677.0,36.24737937499958,9881,0.9777272621114338,0.9845637547681866
266787,Anomaly detection,HalfSpaceTrees,kdd99_10pct_binary,1677.0,37.60143737500039,9881,0.9785521783295288,0.9853450395443183
276668,Anomaly detection,HalfSpaceTrees,kdd99_10pct_binary,1677.0,39.03758141599974,9881,0.9793181719606171,0.9860510470246946
286549,Anomaly detection,HalfSpaceTrees,kdd99_10pct_binary,1677.0,40.38542162500016,9881,0.9800313384447337,0.9866921566985757
296430,Anomaly detection,HalfSpaceTrees,kdd99_10pct_binary,1677.0,41.79276283299987,9881,0.980696960496576,0.9872769236926716
306311,Anomaly detection,HalfSpaceTrees,kdd99_10pct_binary,1677.0,43.19601720799983,9881,0.9813196391902348,0.987812462725987
316192,Anomaly detection,HalfSpaceTrees,kdd99_10pct_binary,1677.0,44.58431291600209,9881,0.9819034004655399,0.9883047390129543
326073,Anomaly detection,HalfSpaceTrees,kdd99_10pct_binary,1676.984375,45.96027920800043,9881,0.9824517822696145,0.9887587914030882
335954,Anomaly detection,HalfSpaceTrees,kdd99_10pct_binary,1676.984375,47.41696991600111,9881,0.9829679063205081,0.9891789054846798
345835,Anomaly detection,HalfSpaceTrees,kdd99_10pct_binary,1676.984375,48.83441704100187,9881,0.9823181575028554,0.9887443146364403
355716,Anomaly detection,HalfSpaceTrees,kdd99_10pct_binary,1676.984375,50.23882633299945,9881,0.9817410518503525,0.9883270160833769
365597,Anomaly detection,HalfSpaceTrees,kdd99_10pct_binary,1676.984375,51.64526891599962,9881,0.9822345369354781,0.9887273831735149
375478,Anomaly detection,HalfSpaceTrees,kdd99_10pct_binary,1676.984375,53.01507375000074,9881,0.9815834749306218,0.9883633854723219
385359,Anomaly detection,HalfSpaceTrees,kdd99_10pct_binary,1676.984375,54.444763791001606,9881,0.9820556935221443,0.9887379134114107
395240,Anomaly detection,HalfSpaceTrees,kdd99_10pct_binary,1676.984375,55.86054341600175,9881,0.9825043011840907,0.989089084508709
405121,Anomaly detection,HalfSpaceTrees,kdd99_10pct_binary,1676.984375,57.253801916001976,9881,0.9824719034560045,0.9891209927611168
415002,Anomaly detection,HalfSpaceTrees,kdd99_10pct_binary,1676.984375,58.62464754100074,9881,0.9828892390880044,0.9894406880727805
424883,Anomaly detection,HalfSpaceTrees,kdd99_10pct_binary,1676.984375,60.023151541001425,9881,0.9832871637603764,0.9897421303606072
434764,Anomaly detection,HalfSpaceTrees,kdd99_10pct_binary,1676.984375,61.504661250000936,9881,0.9836670009476406,0.9900268394729856
444645,Anomaly detection,HalfSpaceTrees,kdd99_10pct_binary,1676.984375,62.89655237500119,9881,0.9840299564821374,0.990296171080376
454526,Anomaly detection,HalfSpaceTrees,kdd99_10pct_binary,1676.984375,64.26417208299972,9881,0.9837919062935894,0.9900762032283658
464407,Anomaly detection,HalfSpaceTrees,kdd99_10pct_binary,1676.984375,65.72175491600137,9881,0.9833077451459603,0.9896862227520435
474288,Anomaly detection,HalfSpaceTrees,kdd99_10pct_binary,1676.984375,67.06039029100066,9881,0.9836555004554195,0.9899504523074291
484169,Anomaly detection,HalfSpaceTrees,kdd99_10pct_binary,1676.984375,68.47054583300269,9881,0.98340868581012,0.9897520880455486
207,Anomaly detection,HalfSpaceTrees,nab_nyc_taxi,1435.3125,0.19581591700261924,207,0.5169082125603864,0.0
414,Anomaly detection,HalfSpaceTrees,nab_nyc_taxi,1435.375,0.2212374170012481,207,0.7584541062801933,0.0
621,Anomaly detection,HalfSpaceTrees,nab_nyc_taxi,1435.46875,0.24537658400004148,207,0.8389694041867954,0.0
828,Anomaly detection,HalfSpaceTrees,nab_nyc_taxi,1435.484375,0.2686883750029665,207,0.8792270531400966,0.0
1035,Anomaly detection,HalfSpaceTrees,nab_nyc_taxi,1435.484375,0.33017712500077323,207,0.9033816425120773,0.0
1242,Anomaly detection,HalfSpaceTrees,nab_nyc_taxi,1435.5,0.3530943340010708,207,0.9194847020933977,0.0
1449,Anomaly detection,HalfSpaceTrees,nab_nyc_taxi,1435.5,0.3759941250027623,207,0.9309868875086267,0.0
1656,Anomaly detection,HalfSpaceTrees,nab_nyc_taxi,1435.515625,0.39887608400022145,207,0.9396135265700483,0.0
1863,Anomaly detection,HalfSpaceTrees,nab_nyc_taxi,1435.515625,0.4648492920023273,207,0.9463231347289318,0.0
2070,Anomaly detection,HalfSpaceTrees,nab_nyc_taxi,1435.515625,0.48833070900218445,207,0.9516908212560387,0.0
2277,Anomaly detection,HalfSpaceTrees,nab_nyc_taxi,1435.515625,0.5113158340027439,207,0.956082564778217,0.0
2484,Anomaly detection,HalfSpaceTrees,nab_nyc_taxi,1435.5,0.5339485000004061,207,0.9597423510466989,0.0
2691,Anomaly detection,HalfSpaceTrees,nab_nyc_taxi,1435.40625,0.5567191250011092,207,0.9628390932738758,0.0
2898,Anomaly detection,HalfSpaceTrees,nab_nyc_taxi,1435.4375,0.6252541670000937,207,0.9654934437543133,0.0
3105,Anomaly detection,HalfSpaceTrees,nab_nyc_taxi,1435.4375,0.650470917000348,207,0.9677938808373591,0.0
3312,Anomaly detection,HalfSpaceTrees,nab_nyc_taxi,1435.4375,0.6733861250031623,207,0.9698067632850241,0.0
3519,Anomaly detection,HalfSpaceTrees,nab_nyc_taxi,1435.453125,0.6954492090007989,207,0.9715828360329639,0.0
3726,Anomaly detection,HalfSpaceTrees,nab_nyc_taxi,1435.453125,0.7177335420019517,207,0.9731615673644659,0.0
3933,Anomaly detection,HalfSpaceTrees,nab_nyc_taxi,1435.453125,0.739628959003312,207,0.9745741164505467,0.0
4140,Anomaly detection,HalfSpaceTrees,nab_nyc_taxi,1435.453125,0.7622176250006305,207,0.9758454106280193,0.0
4347,Anomaly detection,HalfSpaceTrees,nab_nyc_taxi,1435.453125,0.7853045840020059,207,0.9769956291695422,0.0
4554,Anomaly detection,HalfSpaceTrees,nab_nyc_taxi,1435.453125,0.8076157500036061,207,0.9780412823891085,0.0
4761,Anomaly detection,HalfSpaceTrees,nab_nyc_taxi,1435.453125,0.868547584002954,207,0.9789960092417559,0.0
4968,Anomaly detection,HalfSpaceTrees,nab_nyc_taxi,1435.453125,0.8913433340021584,207,0.9798711755233495,0.0
5175,Anomaly detection,HalfSpaceTrees,nab_nyc_taxi,1435.453125,0.9136857920020702,207,0.9806763285024155,0.0
5382,Anomaly detection,HalfSpaceTrees,nab_nyc_taxi,1435.453125,0.9363291670015315,207,0.981419546636938,0.0
5589,Anomaly detection,HalfSpaceTrees,nab_nyc_taxi,1435.46875,0.9585165420030535,207,0.9821077115763106,0.0
5796,Anomaly detection,HalfSpaceTrees,nab_nyc_taxi,1435.734375,0.9814161250033067,207,0.9827467218771566,0.0
6003,Anomaly detection,HalfSpaceTrees,nab_nyc_taxi,1436.171875,1.0065952920012933,207,0.9730134932533733,0.5573770491803278
6210,Anomaly detection,HalfSpaceTrees,nab_nyc_taxi,1436.609375,1.029562709001766,207,0.9650563607085346,0.5719921104536488
6417,Anomaly detection,HalfSpaceTrees,nab_nyc_taxi,1437.046875,1.0523379170008411,207,0.966183574879227,0.5719921104536488
6624,Anomaly detection,HalfSpaceTrees,nab_nyc_taxi,1437.46875,1.1148862920017564,207,0.9672403381642513,0.5719921104536488
6831,Anomaly detection,HalfSpaceTrees,nab_nyc_taxi,1437.46875,1.1377343750027649,207,0.9682330551895769,0.5719921104536488
7038,Anomaly detection,HalfSpaceTrees,nab_nyc_taxi,1437.46875,1.160529167002096,207,0.9691673770957658,0.5719921104536488
7245,Anomaly detection,HalfSpaceTrees,nab_nyc_taxi,1437.46875,1.1823046670033364,207,0.9533471359558316,0.5279329608938547
7452,Anomaly detection,HalfSpaceTrees,nab_nyc_taxi,1437.46875,1.2043449590019009,207,0.9393451422436929,0.5054704595185997
7659,Anomaly detection,HalfSpaceTrees,nab_nyc_taxi,1437.46875,1.2273308340008953,207,0.9409844627235932,0.5054704595185997
7866,Anomaly detection,HalfSpaceTrees,nab_nyc_taxi,1437.46875,1.249840917000256,207,0.9425375031782355,0.5054704595185997
8073,Anomaly detection,HalfSpaceTrees,nab_nyc_taxi,1437.46875,1.2715988340023614,207,0.9440109005326397,0.5054704595185997
8280,Anomaly detection,HalfSpaceTrees,nab_nyc_taxi,1437.46875,1.2938235000001441,207,0.9454106280193236,0.5054704595185997
8487,Anomaly detection,HalfSpaceTrees,nab_nyc_taxi,1437.46875,1.3162723340028606,207,0.9392011311417462,0.4723926380368098
8694,Anomaly detection,HalfSpaceTrees,nab_nyc_taxi,1437.46875,1.3379659170022933,207,0.9316770186335404,0.5479452054794519
8901,Anomaly detection,HalfSpaceTrees,nab_nyc_taxi,1437.46875,1.3630572500005655,207,0.924615211773958,0.5782526712759272
9108,Anomaly detection,HalfSpaceTrees,nab_nyc_taxi,1437.46875,1.3853940840017458,207,0.9194115063680282,0.5752314814814815
9315,Anomaly detection,HalfSpaceTrees,nab_nyc_taxi,1437.46875,1.407932250000158,207,0.9212023617820719,0.5752314814814815
9522,Anomaly detection,HalfSpaceTrees,nab_nyc_taxi,1437.46875,1.4702644170029089,207,0.9229153539172443,0.5752314814814815
9729,Anomaly detection,HalfSpaceTrees,nab_nyc_taxi,1437.46875,1.4931622500007506,207,0.9245554527700689,0.5752314814814815
9936,Anomaly detection,HalfSpaceTrees,nab_nyc_taxi,1437.46875,1.5153532090007502,207,0.9261272141706924,0.5752314814814815
10143,Anomaly detection,HalfSpaceTrees,nab_nyc_taxi,1437.46875,1.5375072920032835,207,0.9154096421177167,0.5568181818181819
5697,Anomaly detection,OnlineIsolationForest,creditcard,1530.890625,1.7282881659994018,0,0.0,0.0
11394,Anomaly detection,OnlineIsolationForest,creditcard,1542.5,3.392665791001491,0,0.0,0.0
17091,Anomaly detection,OnlineIsolationForest,creditcard,1531.171875,5.09864054100035,0,0.0,0.0
22788,Anomaly detection,OnlineIsolationForest,creditcard,1531.21875,6.809803625001223,0,0.0,0.0
28485,Anomaly detection,OnlineIsolationForest,creditcard,1540.3125,8.811219250001159,0,0.0,0.0
34182,Anomaly detection,OnlineIsolationForest,creditcard,1540.3125,10.657377166000515,0,0.0,0.0
39879,Anomaly detection,OnlineIsolationForest,creditcard,1540.3125,12.45760508300009,0,0.0,0.0
45576,Anomaly detection,OnlineIsolationForest,creditcard,1540.3125,14.317366208000749,0,0.0,0.0
51273,Anomaly detection,OnlineIsolationForest,creditcard,1539.34375,16.18881408300149,0,0.0,0.0
56970,Anomaly detection,OnlineIsolationForest,creditcard,1539.34375,18.014413125001738,0,0.0,0.0
62667,Anomaly detection,OnlineIsolationForest,creditcard,1539.34375,19.956324291000783,0,0.0,0.0
68364,Anomaly detection,OnlineIsolationForest,creditcard,1538.34375,21.838994500001718,0,0.0,0.0
74061,Anomaly detection,OnlineIsolationForest,creditcard,1538.34375,23.64867041600155,0,0.0,0.0
79758,Anomaly detection,OnlineIsolationForest,creditcard,1538.34375,25.434222125000815,0,0.0,0.0
85455,Anomaly detection,OnlineIsolationForest,creditcard,1540.34375,27.276474500002223,0,0.0,0.0
91152,Anomaly detection,OnlineIsolationForest,creditcard,1540.34375,29.088742291001836,0,0.0,0.0
96849,Anomaly detection,OnlineIsolationForest,creditcard,1540.34375,30.894643540999823,0,0.0,0.0
102546,Anomaly detection,OnlineIsolationForest,creditcard,1541.3125,32.87687208300122,0,0.0,0.0
108243,Anomaly detection,OnlineIsolationForest,creditcard,1541.3125,34.831953625001915,0,0.0,0.0
113940,Anomaly detection,OnlineIsolationForest,creditcard,1541.3125,36.712128875002236,0,0.0,0.0
119637,Anomaly detection,OnlineIsolationForest,creditcard,1541.3125,38.540821833001246,0,0.0,0.0
125334,Anomaly detection,OnlineIsolationForest,creditcard,1541.3125,40.37721212500037,0,0.0,0.0
131031,Anomaly detection,OnlineIsolationForest,creditcard,1541.3125,42.22100537500228,0,0.0,0.0
136728,Anomaly detection,OnlineIsolationForest,creditcard,1541.3125,44.091628082998795,0,0.0,0.0
142425,Anomaly detection,OnlineIsolationForest,creditcard,1541.328125,46.00315941599911,0,0.0,0.0
148122,Anomaly detection,OnlineIsolationForest,creditcard,1541.328125,47.91923562500233,0,0.0,0.0
153819,Anomaly detection,OnlineIsolationForest,creditcard,1541.328125,49.782538499999646,0,0.0,0.0
159516,Anomaly detection,OnlineIsolationForest,creditcard,1541.3125,51.67463404099908,0,0.0,0.0
165213,Anomaly detection,OnlineIsolationForest,creditcard,1541.3125,53.68214687500222,0,0.0,0.0
170910,Anomaly detection,OnlineIsolationForest,creditcard,1541.3125,55.56911158300136,0,0.0,0.0
176607,Anomaly detection,OnlineIsolationForest,creditcard,1541.3125,57.421800832999,0,0.0,0.0
182304,Anomaly detection,OnlineIsolationForest,creditcard,1541.3125,59.30941212499965,0,0.0,0.0
188001,Anomaly detection,OnlineIsolationForest,creditcard,1541.3125,61.2386548329996,0,0.0,0.0
193698,Anomaly detection,OnlineIsolationForest,creditcard,1541.3125,63.12025008300043,0,0.0,0.0
199395,Anomaly detection,OnlineIsolationForest,creditcard,1541.3125,65.02943745800076,0,0.0,0.0
205092,Anomaly detection,OnlineIsolationForest,creditcard,1541.3125,66.91338862500197,0,0.0,0.0
210789,Anomaly detection,OnlineIsolationForest,creditcard,1541.3125,68.92397158300082,0,0.0,0.0
216486,Anomaly detection,OnlineIsolationForest,creditcard,1541.3125,70.79135450000103,0,0.0,0.0
222183,Anomaly detection,OnlineIsolationForest,creditcard,1541.3125,72.77635258300143,0,0.0,0.0
227880,Anomaly detection,OnlineIsolationForest,creditcard,1541.3125,74.7460649579989,0,0.0,0.0
233577,Anomaly detection,OnlineIsolationForest,creditcard,1541.3125,76.62087787500059,0,0.0,0.0
239274,Anomaly detection,OnlineIsolationForest,creditcard,1541.3125,78.51863245799905,0,0.0,0.0
244971,Anomaly detection,OnlineIsolationForest,creditcard,1541.3125,80.41913099999874,0,0.0,0.0
250668,Anomaly detection,OnlineIsolationForest,creditcard,1541.3125,82.26907029100039,0,0.0,0.0
256365,Anomaly detection,OnlineIsolationForest,creditcard,1541.3125,84.13794391600095,0,0.0,0.0
262062,Anomaly detection,OnlineIsolationForest,creditcard,1541.3125,86.03817075000188,0,0.0,0.0
267759,Anomaly detection,OnlineIsolationForest,creditcard,1541.3125,87.89068295800098,0,0.0,0.0
273456,Anomaly detection,OnlineIsolationForest,creditcard,1541.3125,89.77998333299911,0,0.0,0.0
279153,Anomaly detection,OnlineIsolationForest,creditcard,1541.3125,91.65760508300082,0,0.0,0.0
9881,Anomaly detection,OnlineIsolationForest,kdd99_10pct_binary,1615.15625,3.0978165000014997,0,0.0,0.0
19762,Anomaly detection,OnlineIsolationForest,kdd99_10pct_binary,1615.15625,6.18674079199991,0,0.0,0.0
29643,Anomaly detection,OnlineIsolationForest,kdd99_10pct_binary,1615.1875,9.350842042000295,0,0.0,0.0
39524,Anomaly detection,OnlineIsolationForest,kdd99_10pct_binary,1615.1875,12.573121207999066,0,0.0,0.0
49405,Anomaly detection,OnlineIsolationForest,kdd99_10pct_binary,1615.1875,15.650229333001334,0,0.0,0.0
59286,Anomaly detection,OnlineIsolationForest,kdd99_10pct_binary,1615.1875,18.72467533300005,0,0.0,0.0
69167,Anomaly detection,OnlineIsolationForest,kdd99_10pct_binary,1615.1875,21.822613208001712,0,0.0,0.0
79048,Anomaly detection,OnlineIsolationForest,kdd99_10pct_binary,1615.1875,24.944752667001012,0,0.0,0.0
88929,Anomaly detection,OnlineIsolationForest,kdd99_10pct_binary,1615.1875,28.226411542000278,0,0.0,0.0
98810,Anomaly detection,OnlineIsolationForest,kdd99_10pct_binary,1615.1875,31.362781957999687,0,0.0,0.0
108691,Anomaly detection,OnlineIsolationForest,kdd99_10pct_binary,1615.1875,34.498612916999264,0,0.0,0.0
118572,Anomaly detection,OnlineIsolationForest,kdd99_10pct_binary,1615.1875,37.648606292001205,0,0.0,0.0
128453,Anomaly detection,OnlineIsolationForest,kdd99_10pct_binary,1615.1875,40.84837362500184,0,0.0,0.0
138334,Anomaly detection,OnlineIsolationForest,kdd99_10pct_binary,1615.1875,43.997608333000244,0,0.0,0.0
148215,Anomaly detection,OnlineIsolationForest,kdd99_10pct_binary,1615.171875,47.295207375002065,0,0.0,0.0
158096,Anomaly detection,OnlineIsolationForest,kdd99_10pct_binary,1615.171875,50.48517250000077,0,0.0,0.0
167977,Anomaly detection,OnlineIsolationForest,kdd99_10pct_binary,1615.171875,53.69631529199978,0,0.0,0.0
177858,Anomaly detection,OnlineIsolationForest,kdd99_10pct_binary,1615.171875,56.869101583000884,0,0.0,0.0
187739,Anomaly detection,OnlineIsolationForest,kdd99_10pct_binary,1615.171875,60.12798779199875,0,0.0,0.0
197620,Anomaly detection,OnlineIsolationForest,kdd99_10pct_binary,1615.171875,63.3371149170016,0,0.0,0.0
207501,Anomaly detection,OnlineIsolationForest,kdd99_10pct_binary,1615.1875,66.60483529200064,0,0.0,0.0
217382,Anomaly detection,OnlineIsolationForest,kdd99_10pct_binary,1615.1875,69.83013025000037,0,0.0,0.0
227263,Anomaly detection,OnlineIsolationForest,kdd99_10pct_binary,1615.1875,72.97253141699912,0,0.0,0.0
237144,Anomaly detection,OnlineIsolationForest,kdd99_10pct_binary,1615.1875,76.13057666700115,0,0.0,0.0
247025,Anomaly detection,OnlineIsolationForest,kdd99_10pct_binary,1615.1875,79.28234158299892,0,0.0,0.0
256906,Anomaly detection,OnlineIsolationForest,kdd99_10pct_binary,1615.1875,82.47241512500113,0,0.0,0.0
266787,Anomaly detection,OnlineIsolationForest,kdd99_10pct_binary,1615.1875,85.66918887499924,0,0.0,0.0
276668,Anomaly detection,OnlineIsolationForest,kdd99_10pct_binary,1615.1875,88.60078020799847,0,0.0,0.0
286549,Anomaly detection,OnlineIsolationForest,kdd99_10pct_binary,1615.1875,91.3908393749989,0,0.0,0.0
296430,Anomaly detection,OnlineIsolationForest,kdd99_10pct_binary,1615.1875,94.40346279200094,0,0.0,0.0
306311,Anomaly detection,OnlineIsolationForest,kdd99_10pct_binary,1615.1875,97.2262267920014,0,0.0,0.0
316192,Anomaly detection,OnlineIsolationForest,kdd99_10pct_binary,1615.1875,100.0932443749989,0,0.0,0.0
326073,Anomaly detection,OnlineIsolationForest,kdd99_10pct_binary,1615.1875,102.97195291699973,0,0.0,0.0
335954,Anomaly detection,OnlineIsolationForest,kdd99_10pct_binary,1615.1875,105.86740595800075,0,0.0,0.0
345835,Anomaly detection,OnlineIsolationForest,kdd99_10pct_binary,1615.1875,108.75892337500045,0,0.0,0.0
355716,Anomaly detection,OnlineIsolationForest,kdd99_10pct_binary,1615.1875,111.71228095799961,0,0.0,0.0
365597,Anomaly detection,OnlineIsolationForest,kdd99_10pct_binary,1615.1875,114.62461262500074,0,0.0,0.0
375478,Anomaly detection,OnlineIsolationForest,kdd99_10pct_binary,1615.1875,117.60284908299946,0,0.0,0.0
385359,Anomaly detection,OnlineIsolationForest,kdd99_10pct_binary,1615.1875,120.67811337500098,0,0.0,0.0
395240,Anomaly detection,OnlineIsolationForest,kdd99_10pct_binary,1615.1875,123.65151054200032,0,0.0,0.0
405121,Anomaly detection,OnlineIsolationForest,kdd99_10pct_binary,1615.203125,126.57386929199856,0,0.0,0.0
415002,Anomaly detection,OnlineIsolationForest,kdd99_10pct_binary,1615.203125,129.4295221249995,0,0.0,0.0
424883,Anomaly detection,OnlineIsolationForest,kdd99_10pct_binary,1615.203125,132.747481082999,0,0.0,0.0
434764,Anomaly detection,OnlineIsolationForest,kdd99_10pct_binary,1615.203125,135.69903866700042,0,0.0,0.0
444645,Anomaly detection,OnlineIsolationForest,kdd99_10pct_binary,1615.203125,138.63289024999904,0,0.0,0.0
454526,Anomaly detection,OnlineIsolationForest,kdd99_10pct_binary,1615.203125,141.82762195800024,0,0.0,0.0
464407,Anomaly detection,OnlineIsolationForest,kdd99_10pct_binary,1615.203125,144.69067262500175,0,0.0,0.0
474288,Anomaly detection,OnlineIsolationForest,kdd99_10pct_binary,1615.203125,147.51585058300043,0,0.0,0.0
484169,Anomaly detection,OnlineIsolationForest,kdd99_10pct_binary,1615.203125,150.3845556669985,0,0.0,0.0
207,Anomaly detection,OnlineIsolationForest,nab_nyc_taxi,1606.3125,0.07586791700305184,0,0.0,0.0
414,Anomaly detection,OnlineIsolationForest,nab_nyc_taxi,1606.34375,0.14277925000351388,0,0.0,0.0
621,Anomaly detection,OnlineIsolationForest,nab_nyc_taxi,1606.34375,0.21317166700100643,0,0.0,0.0
828,Anomaly detection,OnlineIsolationForest,nab_nyc_taxi,1606.359375,0.2838084580034774,0,0.0,0.0
1035,Anomaly detection,OnlineIsolationForest,nab_nyc_taxi,1606.375,0.3519056670011196,0,0.0,0.0
1242,Anomaly detection,OnlineIsolationForest,nab_nyc_taxi,1606.375,0.4203982500002894,0,0.0,0.0
1449,Anomaly detection,OnlineIsolationForest,nab_nyc_taxi,1606.375,0.4928170000021055,0,0.0,0.0
1656,Anomaly detection,OnlineIsolationForest,nab_nyc_taxi,1607.34375,0.5672067080013221,0,0.0,0.0
1863,Anomaly detection,OnlineIsolationForest,nab_nyc_taxi,1607.34375,0.6355220420009573,0,0.0,0.0
2070,Anomaly detection,OnlineIsolationForest,nab_nyc_taxi,1607.34375,0.7026495830032218,0,0.0,0.0
2277,Anomaly detection,OnlineIsolationForest,nab_nyc_taxi,1607.34375,0.7751209580019349,0,0.0,0.0
2484,Anomaly detection,OnlineIsolationForest,nab_nyc_taxi,1607.34375,0.8451289580007142,0,0.0,0.0
2691,Anomaly detection,OnlineIsolationForest,nab_nyc_taxi,1607.34375,0.914384625000821,0,0.0,0.0
2898,Anomaly detection,OnlineIsolationForest,nab_nyc_taxi,1607.34375,0.982556625000143,0,0.0,0.0
3105,Anomaly detection,OnlineIsolationForest,nab_nyc_taxi,1607.34375,1.0535013750013604,0,0.0,0.0
3312,Anomaly detection,OnlineIsolationForest,nab_nyc_taxi,1607.34375,1.1180909170034283,0,0.0,0.0
3519,Anomaly detection,OnlineIsolationForest,nab_nyc_taxi,1607.34375,1.1879635000004782,0,0.0,0.0
3726,Anomaly detection,OnlineIsolationForest,nab_nyc_taxi,1607.34375,1.2572475420020055,0,0.0,0.0
3933,Anomaly detection,OnlineIsolationForest,nab_nyc_taxi,1607.34375,1.3255597080024017,0,0.0,0.0
4140,Anomaly detection,OnlineIsolationForest,nab_nyc_taxi,1607.34375,1.394029542003409,0,0.0,0.0
4347,Anomaly detection,OnlineIsolationForest,nab_nyc_taxi,1607.34375,1.464416542003164,0,0.0,0.0
4554,Anomaly detection,OnlineIsolationForest,nab_nyc_taxi,1607.34375,1.5336961670000164,0,0.0,0.0
4761,Anomaly detection,OnlineIsolationForest,nab_nyc_taxi,1607.34375,1.6017630830028793,0,0.0,0.0
4968,Anomaly detection,OnlineIsolationForest,nab_nyc_taxi,1607.34375,1.6696121670029243,0,0.0,0.0
5175,Anomaly detection,OnlineIsolationForest,nab_nyc_taxi,1607.34375,1.7401318330012145,0,0.0,0.0
5382,Anomaly detection,OnlineIsolationForest,nab_nyc_taxi,1607.34375,1.80705087500246,0,0.0,0.0
5589,Anomaly detection,OnlineIsolationForest,nab_nyc_taxi,1607.34375,1.8768215420022898,0,0.0,0.0
5796,Anomaly detection,OnlineIsolationForest,nab_nyc_taxi,1607.34375,1.9455426670028828,0,0.0,0.0
6003,Anomaly detection,OnlineIsolationForest,nab_nyc_taxi,1607.34375,2.017482667000877,0,0.0,0.0
6210,Anomaly detection,OnlineIsolationForest,nab_nyc_taxi,1607.375,2.086534833000769,0,0.0,0.0
6417,Anomaly detection,OnlineIsolationForest,nab_nyc_taxi,1607.375,2.157317667002644,0,0.0,0.0
6624,Anomaly detection,OnlineIsolationForest,nab_nyc_taxi,1607.375,2.2255407080010627,0,0.0,0.0
6831,Anomaly detection,OnlineIsolationForest,nab_nyc_taxi,1607.375,2.2944159170001512,0,0.0,0.0
7038,Anomaly detection,OnlineIsolationForest,nab_nyc_taxi,1607.375,2.3638658330019098,0,0.0,0.0
7245,Anomaly detection,OnlineIsolationForest,nab_nyc_taxi,1607.375,2.4329925420024665,0,0.0,0.0
7452,Anomaly detection,OnlineIsolationForest,nab_nyc_taxi,1607.375,2.5023746250008116,0,0.0,0.0
7659,Anomaly detection,OnlineIsolationForest,nab_nyc_taxi,1607.375,2.5693980000032752,0,0.0,0.0
7866,Anomaly detection,OnlineIsolationForest,nab_nyc_taxi,1607.375,2.6398375830031,0,0.0,0.0
8073,Anomaly detection,OnlineIsolationForest,nab_nyc_taxi,1607.375,2.708060833003401,0,0.0,0.0
8280,Anomaly detection,OnlineIsolationForest,nab_nyc_taxi,1607.375,2.7791486250025628,0,0.0,0.0
8487,Anomaly detection,OnlineIsolationForest,nab_nyc_taxi,1607.375,2.8464724580007896,0,0.0,0.0
8694,Anomaly detection,OnlineIsolationForest,nab_nyc_taxi,1607.375,2.9178314580021834,0,0.0,0.0
8901,Anomaly detection,OnlineIsolationForest,nab_nyc_taxi,1607.375,2.9865905000006023,0,0.0,0.0
9108,Anomaly detection,OnlineIsolationForest,nab_nyc_taxi,1607.375,3.0559785420009575,0,0.0,0.0
9315,Anomaly detection,OnlineIsolationForest,nab_nyc_taxi,1607.375,3.1273166250030044,0,0.0,0.0
9522,Anomaly detection,OnlineIsolationForest,nab_nyc_taxi,1607.375,3.1957203330021002,0,0.0,0.0
9729,Anomaly detection,OnlineIsolationForest,nab_nyc_taxi,1607.375,3.267226500000106,0,0.0,0.0
9936,Anomaly detection,OnlineIsolationForest,nab_nyc_taxi,1607.375,3.3353069580007286,0,0.0,0.0
10143,Anomaly detection,OnlineIsolationForest,nab_nyc_taxi,1607.375,3.403566625001986,0,0.0,0.0
5697,Anomaly detection,Autoencoder,creditcard,1527.0,1.0488967909986968,0,0.0,0.0
11394,Anomaly detection,Autoencoder,creditcard,1527.0,2.074646416000178,0,0.0,0.0
17091,Anomaly detection,Autoencoder,creditcard,1527.015625,3.125996208000288,0,0.0,0.0
22788,Anomaly detection,Autoencoder,creditcard,1527.015625,4.218113832997915,0,0.0,0.0
28485,Anomaly detection,Autoencoder,creditcard,1527.015625,5.264294290998805,0,0.0,0.0
34182,Anomaly detection,Autoencoder,creditcard,1527.015625,6.291719041000761,0,0.0,0.0
39879,Anomaly detection,Autoencoder,creditcard,1527.015625,7.4157212909995,0,0.0,0.0
45576,Anomaly detection,Autoencoder,creditcard,1527.015625,8.460198500000843,0,0.0,0.0
51273,Anomaly detection,Autoencoder,creditcard,1527.015625,9.495562666001206,0,0.0,0.0
56970,Anomaly detection,Autoencoder,creditcard,1527.0,10.606329915997776,0,0.0,0.0
62667,Anomaly detection,Autoencoder,creditcard,1527.0,11.6933419579982,0,0.0,0.0
68364,Anomaly detection,Autoencoder,creditcard,1527.0,12.726107165999565,0,0.0,0.0
74061,Anomaly detection,Autoencoder,creditcard,1527.0,13.840822291000222,0,0.0,0.0
79758,Anomaly detection,Autoencoder,creditcard,1527.0,14.87858204100121,0,0.0,0.0
85455,Anomaly detection,Autoencoder,creditcard,1527.0,15.918937457998254,0,0.0,0.0
91152,Anomaly detection,Autoencoder,creditcard,1527.0,17.001981958001124,0,0.0,0.0
96849,Anomaly detection,Autoencoder,creditcard,1527.0,18.043221541000094,0,0.0,0.0
102546,Anomaly detection,Autoencoder,creditcard,1527.0,19.133376458001294,0,0.0,0.0
108243,Anomaly detection,Autoencoder,creditcard,1527.0,20.159659624998312,0,0.0,0.0
113940,Anomaly detection,Autoencoder,creditcard,1527.0,21.27281458300058,0,0.0,0.0
119637,Anomaly detection,Autoencoder,creditcard,1527.0,22.307432082998275,0,0.0,0.0
125334,Anomaly detection,Autoencoder,creditcard,1527.0,23.351071082997805,0,0.0,0.0
131031,Anomaly detection,Autoencoder,creditcard,1527.0,24.437157500000467,0,0.0,0.0
136728,Anomaly detection,Autoencoder,creditcard,1527.0,25.470956082997873,0,0.0,0.0
142425,Anomaly detection,Autoencoder,creditcard,1527.0,26.611293624999234,0,0.0,0.0
148122,Anomaly detection,Autoencoder,creditcard,1527.0,27.676427957998385,0,0.0,0.0
153819,Anomaly detection,Autoencoder,creditcard,1527.0,28.775373083000886,0,0.0,0.0
159516,Anomaly detection,Autoencoder,creditcard,1527.0,29.837376374998712,0,0.0,0.0
165213,Anomaly detection,Autoencoder,creditcard,1527.0,30.906761874997756,0,0.0,0.0
170910,Anomaly detection,Autoencoder,creditcard,1527.0,32.00315479100027,0,0.0,0.0
176607,Anomaly detection,Autoencoder,creditcard,1527.0,33.08515662499849,0,0.0,0.0
182304,Anomaly detection,Autoencoder,creditcard,1527.0,34.119357666000724,0,0.0,0.0
188001,Anomaly detection,Autoencoder,creditcard,1527.0,35.218721582998114,0,0.0,0.0
193698,Anomaly detection,Autoencoder,creditcard,1527.0,36.25859408299948,0,0.0,0.0
199395,Anomaly detection,Autoencoder,creditcard,1527.0,37.29022904099838,0,0.0,0.0
205092,Anomaly detection,Autoencoder,creditcard,1527.0,38.361834166000335,0,0.0,0.0
210789,Anomaly detection,Autoencoder,creditcard,1527.0,39.452333665998594,0,0.0,0.0
216486,Anomaly detection,Autoencoder,creditcard,1527.0,40.48636500000066,0,0.0,0.0
222183,Anomaly detection,Autoencoder,creditcard,1527.0,41.519287708000775,0,0.0,0.0
227880,Anomaly detection,Autoencoder,creditcard,1527.0,42.64111829099784,0,0.0,0.0
233577,Anomaly detection,Autoencoder,creditcard,1527.0,43.67560633299945,0,0.0,0.0
239274,Anomaly detection,Autoencoder,creditcard,1527.0,44.706725915999414,0,0.0,0.0
244971,Anomaly detection,Autoencoder,creditcard,1527.0,45.749363540999184,0,0.0,0.0
250668,Anomaly detection,Autoencoder,creditcard,1527.0,46.830919207997795,0,0.0,0.0
256365,Anomaly detection,Autoencoder,creditcard,1527.0,47.86201733299822,0,0.0,0.0
262062,Anomaly detection,Autoencoder,creditcard,1527.0,48.92872024999815,0,0.0,0.0
267759,Anomaly detection,Autoencoder,creditcard,1527.0,50.01227283299886,0,0.0,0.0
273456,Anomaly detection,Autoencoder,creditcard,1527.0,51.127219916001195,0,0.0,0.0
279153,Anomaly detection,Autoencoder,creditcard,1527.0,52.1579752079997,0,0.0,0.0
9881,Anomaly detection,Autoencoder,kdd99_10pct_binary,1734.515625,1.7805802500006394,0,0.0,0.0
19762,Anomaly detection,Autoencoder,kdd99_10pct_binary,1734.53125,3.604504458999145,0,0.0,0.0
29643,Anomaly detection,Autoencoder,kdd99_10pct_binary,1734.53125,5.517585875000805,0,0.0,0.0
39524,Anomaly detection,Autoencoder,kdd99_10pct_binary,1734.53125,7.306443375000526,0,0.0,0.0
49405,Anomaly detection,Autoencoder,kdd99_10pct_binary,1734.53125,9.170539583999926,0,0.0,0.0
59286,Anomaly detection,Autoencoder,kdd99_10pct_binary,1734.53125,10.95157024999935,0,0.0,0.0
69167,Anomaly detection,Autoencoder,kdd99_10pct_binary,1734.53125,12.796159749999788,0,0.0,0.0
79048,Anomaly detection,Autoencoder,kdd99_10pct_binary,1734.53125,14.669969124999625,0,0.0,0.0
88929,Anomaly detection,Autoencoder,kdd99_10pct_binary,1734.53125,16.517784416999348,0,0.0,0.0
98810,Anomaly detection,Autoencoder,kdd99_10pct_binary,1734.53125,18.308827333999943,0,0.0,0.0
108691,Anomaly detection,Autoencoder,kdd99_10pct_binary,1734.53125,20.17160879199946,0,0.0,0.0
118572,Anomaly detection,Autoencoder,kdd99_10pct_binary,1734.53125,21.99640037499921,0,0.0,0.0
128453,Anomaly detection,Autoencoder,kdd99_10pct_binary,1734.53125,23.846833374998823,0,0.0,0.0
138334,Anomaly detection,Autoencoder,kdd99_10pct_binary,1734.53125,25.631770708998374,0,0.0,0.0
148215,Anomaly detection,Autoencoder,kdd99_10pct_binary,1734.53125,27.501691208999546,0,0.0,0.0
158096,Anomaly detection,Autoencoder,kdd99_10pct_binary,1734.53125,29.302841333999822,0,0.0,0.0
167977,Anomaly detection,Autoencoder,kdd99_10pct_binary,1734.53125,31.189313709001,0,0.0,0.0
177858,Anomaly detection,Autoencoder,kdd99_10pct_binary,1734.53125,32.98004412500086,0,0.0,0.0
187739,Anomaly detection,Autoencoder,kdd99_10pct_binary,1734.53125,34.8599428339985,0,0.0,0.0
197620,Anomaly detection,Autoencoder,kdd99_10pct_binary,1734.53125,36.7478669589982,0,0.0,0.0
207501,Anomaly detection,Autoencoder,kdd99_10pct_binary,1734.53125,38.5407890839997,0,0.0,0.0
217382,Anomaly detection,Autoencoder,kdd99_10pct_binary,1734.53125,40.541815459000645,0,0.0,0.0
227263,Anomaly detection,Autoencoder,kdd99_10pct_binary,1734.53125,42.34169604199997,0,0.0,0.0
237144,Anomaly detection,Autoencoder,kdd99_10pct_binary,1734.53125,44.22560954199798,0,0.0,0.0
247025,Anomaly detection,Autoencoder,kdd99_10pct_binary,1734.53125,46.019555999999284,0,0.0,0.0
256906,Anomaly detection,Autoencoder,kdd99_10pct_binary,1734.53125,47.89901941700009,0,0.0,0.0
266787,Anomaly detection,Autoencoder,kdd99_10pct_binary,1734.53125,49.755118249999214,0,0.0,0.0
276668,Anomaly detection,Autoencoder,kdd99_10pct_binary,1734.53125,51.64492658399831,0,0.0,0.0
286549,Anomaly detection,Autoencoder,kdd99_10pct_binary,1734.53125,53.402492458997585,0,0.0,0.0
296430,Anomaly detection,Autoencoder,kdd99_10pct_binary,1734.53125,55.23335516699808,0,0.0,0.0
306311,Anomaly detection,Autoencoder,kdd99_10pct_binary,1734.53125,57.02683445900038,0,0.0,0.0
316192,Anomaly detection,Autoencoder,kdd99_10pct_binary,1734.53125,58.839344125000935,0,0.0,0.0
326073,Anomaly detection,Autoencoder,kdd99_10pct_binary,1734.53125,60.84941629199966,0,0.0,0.0
335954,Anomaly detection,Autoencoder,kdd99_10pct_binary,1734.53125,62.68593458399846,0,0.0,0.0
345835,Anomaly detection,Autoencoder,kdd99_10pct_binary,1734.53125,64.45206037499884,0,0.0,0.0
355716,Anomaly detection,Autoencoder,kdd99_10pct_binary,1734.53125,66.27596408399768,0,0.0,0.0
365597,Anomaly detection,Autoencoder,kdd99_10pct_binary,1734.53125,68.09985120900092,0,0.0,0.0
375478,Anomaly detection,Autoencoder,kdd99_10pct_binary,1734.53125,69.9284387919979,0,0.0,0.0
385359,Anomaly detection,Autoencoder,kdd99_10pct_binary,1734.53125,71.79994279200037,0,0.0,0.0
395240,Anomaly detection,Autoencoder,kdd99_10pct_binary,1734.53125,73.62733266699797,0,0.0,0.0
405121,Anomaly detection,Autoencoder,kdd99_10pct_binary,1734.53125,75.42339937499855,0,0.0,0.0
415002,Anomaly detection,Autoencoder,kdd99_10pct_binary,1734.53125,77.23538945899782,0,0.0,0.0
424883,Anomaly detection,Autoencoder,kdd99_10pct_binary,1734.53125,78.99821341699862,0,0.0,0.0
434764,Anomaly detection,Autoencoder,kdd99_10pct_binary,1734.53125,80.81649583399849,0,0.0,0.0
444645,Anomaly detection,Autoencoder,kdd99_10pct_binary,1734.53125,82.58062658400013,0,0.0,0.0
454526,Anomaly detection,Autoencoder,kdd99_10pct_binary,1734.53125,84.48241845899975,0,0.0,0.0
464407,Anomaly detection,Autoencoder,kdd99_10pct_binary,1734.53125,86.239868749999,0,0.0,0.0
474288,Anomaly detection,Autoencoder,kdd99_10pct_binary,1734.53125,88.05448533399976,0,0.0,0.0
484169,Anomaly detection,Autoencoder,kdd99_10pct_binary,1734.53125,89.86637008400066,0,0.0,0.0
5697,Anomaly detection,StreamRHF,creditcard,1560.671875,0.5089409579995845,5697,0.004037212568018255,0.0010563380281690142
11394,Anomaly detection,StreamRHF,creditcard,1560.671875,1.05313466699954,5697,0.006055818852027383,0.008579182351396306
17091,Anomaly detection,StreamRHF,creditcard,1560.671875,1.6062944580007752,5697,0.00561699139898192,0.008864524406601737
22788,Anomaly detection,StreamRHF,creditcard,1560.640625,2.147908999999345,5697,0.004651571002281903,0.007526034829789096
28485,Anomaly detection,StreamRHF,creditcard,1560.640625,2.657850250001502,5697,0.003967000175530981,0.006513061138735205
34182,Anomaly detection,StreamRHF,creditcard,1560.640625,3.1668779579995316,5697,0.0035983851149727925,0.00601196556252736
39879,Anomaly detection,StreamRHF,creditcard,1560.640625,3.6741485000020475,5697,0.003109405953007849,0.005204814453369367
45576,Anomaly detection,StreamRHF,creditcard,1560.640625,4.219134041999496,5697,0.0035545023696682463,0.0062147139918596
51273,Anomaly detection,StreamRHF,creditcard,1560.640625,4.724274583000806,5697,0.003315585200787939,0.0058362352391883735
56970,Anomaly detection,StreamRHF,creditcard,1560.640625,5.23194841700024,5697,0.0031068983675618745,0.005498450277549162
62667,Anomaly detection,StreamRHF,creditcard,1559.640625,5.777198916999623,5697,0.0029361545949223673,0.005222015252105523
68364,Anomaly detection,StreamRHF,creditcard,1559.640625,6.285553624999011,5697,0.0027938681177227783,0.004991607677150988
74061,Anomaly detection,StreamRHF,creditcard,1559.640625,6.7947087499997,5697,0.002700476634125923,0.004850379272712575
79758,Anomaly detection,StreamRHF,creditcard,1558.640625,7.337727000001905,5697,0.002670578499962386,0.004829165154946141
85455,Anomaly detection,StreamRHF,creditcard,1558.640625,7.846365666999191,5697,0.0026212626528582294,0.004764184542089468
91152,Anomaly detection,StreamRHF,creditcard,1558.640625,8.354384166999807,5697,0.002534228541337546,0.004619948983501747
96849,Anomaly detection,StreamRHF,creditcard,1558.640625,8.861377500001254,5697,0.002488409792563682,0.004554353426069037
102546,Anomaly detection,StreamRHF,creditcard,1558.640625,9.429881500000192,5697,0.002447682015875802,0.004496044065124516
108243,Anomaly detection,StreamRHF,creditcard,1558.640625,9.93497570800173,5697,0.0023742874827933445,0.004370274755670294
113940,Anomaly detection,StreamRHF,creditcard,1558.640625,10.441940417000296,5697,0.0022906793048973143,0.004222107374672611
119637,Anomaly detection,StreamRHF,creditcard,1558.640625,10.986024875001021,5697,0.00221503381061043,0.0040880345730923895
125334,Anomaly detection,StreamRHF,creditcard,1558.640625,11.496258125000168,5697,0.0022260519890851646,0.004125090584759463
131031,Anomaly detection,StreamRHF,creditcard,1558.640625,12.004555583000183,5697,0.002144530683578695,0.003976476323968554
136728,Anomaly detection,StreamRHF,creditcard,1558.640625,12.512748332999763,5697,0.002069802820197765,0.0038402289535741144
142425,Anomaly detection,StreamRHF,creditcard,1558.640625,13.05209612500039,5697,0.0020361593821309463,0.003784825652707202
148122,Anomaly detection,StreamRHF,creditcard,1558.640625,13.559010625001974,5697,0.0020591134335210164,0.0038413068530262088
153819,Anomaly detection,StreamRHF,creditcard,1558.640625,14.064411833001941,5697,0.0022754016083838795,0.004282127308942509
159516,Anomaly detection,StreamRHF,creditcard,1558.640625,14.63792150000154,5697,0.0023571303192156273,0.004454120061056477
165213,Anomaly detection,StreamRHF,creditcard,1558.640625,15.147172000000865,5697,0.0022879555482922045,0.004324951223490042
170910,Anomaly detection,StreamRHF,creditcard,1558.640625,15.65626041699943,5697,0.0022233924287636767,0.0042043795620437955
176607,Anomaly detection,StreamRHF,creditcard,1558.640625,16.164667042001383,5697,0.0021629946717853766,0.004091574408445371
182304,Anomaly detection,StreamRHF,creditcard,1558.640625,16.707095707999542,5697,0.0021118571177812886,0.003996736910686617
188001,Anomaly detection,StreamRHF,creditcard,1558.640625,17.21116591700047,5697,0.002063818809474418,0.003907639541489469
193698,Anomaly detection,StreamRHF,creditcard,1558.640625,17.719815542001015,5697,0.002070233043190947,0.003926640866952834
199395,Anomaly detection,StreamRHF,creditcard,1558.640625,18.26456141699964,5697,0.0020261290403470497,0.0038446327825029155
205092,Anomaly detection,StreamRHF,creditcard,1558.640625,18.80319737500031,5697,0.0020137304234197338,0.003825469057990412
210789,Anomaly detection,StreamRHF,creditcard,1558.640625,19.314633000001777,5697,0.0019640493574142864,0.0037317143628381867
216486,Anomaly detection,StreamRHF,creditcard,1558.640625,19.826811167000415,5697,0.00195393697513927,0.0037165293333763696
222183,Anomaly detection,StreamRHF,creditcard,1558.640625,20.365747208001267,5697,0.001935341587790245,0.003684184514743477
227880,Anomaly detection,StreamRHF,creditcard,1558.640625,20.870639167002082,5697,0.0019176759698086713,0.0036534561081493096
233577,Anomaly detection,StreamRHF,creditcard,1558.640625,21.379703708000307,5697,0.0018965908458452674,0.0036156936490298317
239274,Anomaly detection,StreamRHF,creditcard,1558.640625,21.923855500001082,5697,0.001901585629863671,0.0036297034907734607
244971,Anomaly detection,StreamRHF,creditcard,1558.640625,22.461660542001482,5697,0.001906348098346335,0.003643061475643648
250668,Anomaly detection,StreamRHF,creditcard,1558.640625,22.96918770800039,5697,0.0019069047505066463,0.0036478618591351854
256365,Anomaly detection,StreamRHF,creditcard,1558.640625,23.47923416699996,5697,0.001911337351042459,0.0036602223390378285
262062,Anomaly detection,StreamRHF,creditcard,1558.640625,24.02066208299948,5697,0.001885050102647465,0.0036112084596748384
267759,Anomaly detection,StreamRHF,creditcard,1558.640625,24.573248832999525,5697,0.0018673508640232447,0.003579164786983771
273456,Anomaly detection,StreamRHF,creditcard,1558.640625,25.08188945800066,5697,0.0018357615119068515,0.0035193013967683763
279153,Anomaly detection,StreamRHF,creditcard,1558.640625,25.621679667001445,5697,0.0018162083158697918,0.003483298762606395
9881,Anomaly detection,StreamRHF,kdd99_10pct_binary,1727.890625,0.8462587920002989,9881,0.21394595688695475,0.3503136762860728
19762,Anomaly detection,StreamRHF,kdd99_10pct_binary,1727.890625,1.699445124999329,9881,0.19436291873292177,0.3243220303017442
29643,Anomaly detection,StreamRHF,kdd99_10pct_binary,1727.890625,2.630326917002094,9881,0.13507404783591404,0.23709346267146725
39524,Anomaly detection,StreamRHF,kdd99_10pct_binary,1727.890625,3.4793756250001024,9881,0.10133083695982188,0.18326473361079812
49405,Anomaly detection,StreamRHF,kdd99_10pct_binary,1727.890625,4.3813131249989965,9881,0.23194008703572513,0.3761344206234381
59286,Anomaly detection,StreamRHF,kdd99_10pct_binary,1727.890625,5.2310312500012515,9881,0.33748271092669435,0.5044035632270926
69167,Anomaly detection,StreamRHF,kdd99_10pct_binary,1727.890625,6.129573292000714,9881,0.4321280379371666,0.6033166356952412
79048,Anomaly detection,StreamRHF,kdd99_10pct_binary,1727.890625,6.974792584001989,9881,0.4419593158587187,0.6128624587516676
88929,Anomaly detection,StreamRHF,kdd99_10pct_binary,1727.890625,7.901033000001917,9881,0.3974968795331107,0.5687309840789453
98810,Anomaly detection,StreamRHF,kdd99_10pct_binary,1727.890625,8.745687499998894,9881,0.43105960935128024,0.6023216824770272
108691,Anomaly detection,StreamRHF,kdd99_10pct_binary,1727.890625,9.645132542002102,9881,0.4415360977449835,0.6124921796197699
118572,Anomaly detection,StreamRHF,kdd99_10pct_binary,1727.890625,10.491605584000354,9881,0.48807475626623487,0.655903494251831
128453,Anomaly detection,StreamRHF,kdd99_10pct_binary,1727.890625,11.389334874998895,9881,0.5274536211688322,0.6905681922453433
138334,Anomaly detection,StreamRHF,kdd99_10pct_binary,1727.890625,12.271273334001307,9881,0.5476527823962294,0.7076658584556161
148215,Anomaly detection,StreamRHF,kdd99_10pct_binary,1727.890625,13.172299750000093,9881,0.5271193873764464,0.6902899665049359
158096,Anomaly detection,StreamRHF,kdd99_10pct_binary,1727.890625,14.019372209000721,9881,0.549609098269406,0.7093044617815282
167977,Anomaly detection,StreamRHF,kdd99_10pct_binary,1727.890625,14.923170166999626,9881,0.5761026807241467,0.7310065014789826
177858,Anomaly detection,StreamRHF,kdd99_10pct_binary,1727.890625,15.804847999999765,9881,0.5996525317950275,0.749693290352971
187739,Anomaly detection,StreamRHF,kdd99_10pct_binary,1727.890625,16.699084833999223,9881,0.6207234511742366,0.7659524114741004
197620,Anomaly detection,StreamRHF,kdd99_10pct_binary,1727.890625,17.59028920900164,9881,0.6396872786155248,0.7802280899396595
207501,Anomaly detection,StreamRHF,kdd99_10pct_binary,1727.890625,18.48996966699997,9881,0.6568450272528807,0.7928623998929476
217382,Anomaly detection,StreamRHF,kdd99_10pct_binary,1727.890625,19.39236824999898,9881,0.672442980559568,0.804123030708161
227263,Anomaly detection,StreamRHF,kdd99_10pct_binary,1727.890625,20.23724945900176,9881,0.6866845901004563,0.8142224634145705
237144,Anomaly detection,StreamRHF,kdd99_10pct_binary,1727.890625,21.240429417000996,9881,0.6997393988462706,0.8233315055713657
247025,Anomaly detection,StreamRHF,kdd99_10pct_binary,1727.890625,22.12426945900006,9881,0.7117498228924198,0.831589030404087
256906,Anomaly detection,StreamRHF,kdd99_10pct_binary,1727.890625,23.028369042000122,9881,0.7228363681657882,0.8391091066437397
266787,Anomaly detection,StreamRHF,kdd99_10pct_binary,1727.890625,23.879363625001133,9881,0.7331016878633516,0.8459862997994934
276668,Anomaly detection,StreamRHF,kdd99_10pct_binary,1727.890625,24.812703750001674,9881,0.7426337704396605,0.8522996695644599
286549,Anomaly detection,StreamRHF,kdd99_10pct_binary,1727.890625,25.658569541999896,9881,0.7515084680107067,0.8581158227608483
296430,Anomaly detection,StreamRHF,kdd99_10pct_binary,1727.890625,26.55126479200044,9881,0.7597915190770165,0.8634912722985343
306311,Anomaly detection,StreamRHF,kdd99_10pct_binary,1727.890625,27.392415375001292,9881,0.7675401797519514,0.8684742794762245
316192,Anomaly detection,StreamRHF,kdd99_10pct_binary,1727.890625,28.317489542001567,9881,0.774804549134703,0.8731063069934544
326073,Anomaly detection,StreamRHF,kdd99_10pct_binary,1727.890625,29.161694209000416,9881,0.7816286537063787,0.87742317537756
335954,Anomaly detection,StreamRHF,kdd99_10pct_binary,1727.890625,30.061581042002217,9881,0.7880513403620734,0.8814559911298016
345835,Anomaly detection,StreamRHF,kdd99_10pct_binary,1727.890625,30.972162083999137,9881,0.7865051252765047,0.880488057546504
355716,Anomaly detection,StreamRHF,kdd99_10pct_binary,1727.890625,31.902592334001383,9881,0.7832596790698197,0.8784506869054414
365597,Anomaly detection,StreamRHF,kdd99_10pct_binary,1727.890625,32.79963562500052,9881,0.7891175255814462,0.8821232432696895
375478,Anomaly detection,StreamRHF,kdd99_10pct_binary,1727.890625,33.71446866699989,9881,0.7922914258625006,0.8841031554732616
385359,Anomaly detection,StreamRHF,kdd99_10pct_binary,1727.890625,34.589252875000966,9881,0.7976172867378211,0.887409627422447
395240,Anomaly detection,StreamRHF,kdd99_10pct_binary,1727.890625,35.50953920900065,9881,0.8026768545693755,0.8905326689592251
405121,Anomaly detection,StreamRHF,kdd99_10pct_binary,1727.890625,36.372117375001835,9881,0.8064874444918926,0.8928732478279763
415002,Anomaly detection,StreamRHF,kdd99_10pct_binary,1727.890625,37.320783250001114,9881,0.8110948862897046,0.8956900772784365
424883,Anomaly detection,StreamRHF,kdd99_10pct_binary,1727.890625,38.19499570900007,9881,0.8154880284690138,0.898362568550426
434764,Anomaly detection,StreamRHF,kdd99_10pct_binary,1727.890625,39.107892709002044,9881,0.8196814823674453,0.9009015386326749
444645,Anomaly detection,StreamRHF,kdd99_10pct_binary,1727.890625,39.9678734170011,9881,0.8236885605370576,0.9033167499944502
454526,Anomaly detection,StreamRHF,kdd99_10pct_binary,1727.890625,40.86769012500008,9881,0.8172843797714542,0.8994519124948697
464407,Anomaly detection,StreamRHF,kdd99_10pct_binary,1727.890625,41.95283970899982,9881,0.8101299076025986,0.8951019335067815
474288,Anomaly detection,StreamRHF,kdd99_10pct_binary,1727.890625,42.845791292002104,9881,0.8140855345275444,0.8975113876881626
484169,Anomaly detection,StreamRHF,kdd99_10pct_binary,1727.890625,43.74155558400162,9881,0.8102274205907442,0.895161658390536
207,Anomaly detection,StreamRHF,nab_nyc_taxi,1541.671875,0.01827195800069603,207,0.0966183574879227,0.0
414,Anomaly detection,StreamRHF,nab_nyc_taxi,1541.671875,0.03685891600252944,207,0.04830917874396135,0.0
621,Anomaly detection,StreamRHF,nab_nyc_taxi,1541.671875,0.05530700000235811,207,0.0322061191626409,0.0
828,Anomaly detection,StreamRHF,nab_nyc_taxi,1541.671875,0.07307725000282517,207,0.024154589371980676,0.0
1035,Anomaly detection,StreamRHF,nab_nyc_taxi,1541.671875,0.09134345799975563,207,0.01932367149758454,0.0
1242,Anomaly detection,StreamRHF,nab_nyc_taxi,1541.671875,0.10998341600134154,207,0.01610305958132045,0.0
1449,Anomaly detection,StreamRHF,nab_nyc_taxi,1541.671875,0.1279010409998591,207,0.013802622498274672,0.0
1656,Anomaly detection,StreamRHF,nab_nyc_taxi,1541.671875,0.14666658300120616,207,0.012077294685990338,0.0
1863,Anomaly detection,StreamRHF,nab_nyc_taxi,1541.671875,0.16445662499972968,207,0.010735373054213635,0.0
2070,Anomaly detection,StreamRHF,nab_nyc_taxi,1541.671875,0.18203504100165446,207,0.00966183574879227,0.0
2277,Anomaly detection,StreamRHF,nab_nyc_taxi,1541.671875,0.2005362910022086,207,0.00878348704435661,0.0
2484,Anomaly detection,StreamRHF,nab_nyc_taxi,1541.671875,0.2180045000022801,207,0.008051529790660225,0.0
2691,Anomaly detection,StreamRHF,nab_nyc_taxi,1541.671875,0.23497124999994412,207,0.007432181345224823,0.0
2898,Anomaly detection,StreamRHF,nab_nyc_taxi,1541.671875,0.25391837500137626,207,0.006901311249137336,0.0
3105,Anomaly detection,StreamRHF,nab_nyc_taxi,1541.671875,0.27163383300285204,207,0.00644122383252818,0.0
3312,Anomaly detection,StreamRHF,nab_nyc_taxi,1541.671875,0.2897446660026617,207,0.006038647342995169,0.0
3519,Anomaly detection,StreamRHF,nab_nyc_taxi,1541.671875,0.307937249999668,207,0.005683432793407218,0.0
3726,Anomaly detection,StreamRHF,nab_nyc_taxi,1541.671875,0.32551333300216356,207,0.005367686527106817,0.0
3933,Anomaly detection,StreamRHF,nab_nyc_taxi,1541.671875,0.3434646250025253,207,0.005085176709890669,0.0
4140,Anomaly detection,StreamRHF,nab_nyc_taxi,1541.671875,0.3611760410021816,207,0.004830917874396135,0.0
4347,Anomaly detection,StreamRHF,nab_nyc_taxi,1541.671875,0.3788578750027227,207,0.004600874166091558,0.0
4554,Anomaly detection,StreamRHF,nab_nyc_taxi,1541.671875,0.3967132910001965,207,0.004391743522178305,0.0
4761,Anomaly detection,StreamRHF,nab_nyc_taxi,1541.671875,0.4144330410017574,207,0.004200798151648814,0.0
4968,Anomaly detection,StreamRHF,nab_nyc_taxi,1541.671875,0.4327712080012134,207,0.004025764895330112,0.0
5175,Anomaly detection,StreamRHF,nab_nyc_taxi,1541.671875,0.450444250000146,207,0.003864734299516908,0.0
5382,Anomaly detection,StreamRHF,nab_nyc_taxi,1541.671875,0.46873437500107684,207,0.0037160906726124115,0.0
5589,Anomaly detection,StreamRHF,nab_nyc_taxi,1541.671875,0.4866632080011186,207,0.003578457684737878,0.0
5796,Anomaly detection,StreamRHF,nab_nyc_taxi,1541.671875,0.5045720410016656,207,0.003450655624568668,0.0
6003,Anomaly detection,StreamRHF,nab_nyc_taxi,1541.671875,0.521998791002261,207,0.03065134099616858,0.05335936229054823
6210,Anomaly detection,StreamRHF,nab_nyc_taxi,1541.671875,0.5391932500024268,207,0.036553945249597423,0.06471783648585275
6417,Anomaly detection,StreamRHF,nab_nyc_taxi,1541.671875,0.5573486659995979,207,0.035374785725416864,0.06268927922471229
6624,Anomaly detection,StreamRHF,nab_nyc_taxi,1541.671875,0.5752209580023191,207,0.034269323671497584,0.060784025840552036
6831,Anomaly detection,StreamRHF,nab_nyc_taxi,1541.671875,0.5926682080025785,207,0.03323085931781584,0.05899116557423768
7038,Anomaly detection,StreamRHF,nab_nyc_taxi,1541.671875,0.6107689160016889,207,0.03225348110258596,0.05730103806228374
7245,Anomaly detection,StreamRHF,nab_nyc_taxi,1541.671875,0.6280384580022655,207,0.05410628019323672,0.0979333947610899
7452,Anomaly detection,StreamRHF,nab_nyc_taxi,1541.671875,0.6466931659997499,207,0.058239398819108966,0.10553148100943156
7659,Anomaly detection,StreamRHF,nab_nyc_taxi,1541.671875,0.664411708003172,207,0.0566653610131871,0.10281882528250343
7866,Anomaly detection,StreamRHF,nab_nyc_taxi,1541.671875,0.6827618330025871,207,0.055174167302313754,0.10024213075060534
8073,Anomaly detection,StreamRHF,nab_nyc_taxi,1541.671875,0.7005376660017646,207,0.05375944506379289,0.09779142553442778
8280,Anomaly detection,StreamRHF,nab_nyc_taxi,1541.671875,0.7192757500015432,207,0.05241545893719807,0.0954576896472216
8487,Anomaly detection,StreamRHF,nab_nyc_taxi,1541.671875,0.7374392500023532,207,0.05867797808412867,0.10687534935718278
8694,Anomaly detection,StreamRHF,nab_nyc_taxi,1541.671875,0.7551413330002106,207,0.0737290085116172,0.13362022592791822
8901,Anomaly detection,StreamRHF,nab_nyc_taxi,1541.671875,0.7729064580016711,207,0.09111335804965734,0.16356492969396194
9108,Anomaly detection,StreamRHF,nab_nyc_taxi,1541.671875,0.7911200000016834,207,0.09310496267018006,0.16700282371924163
9315,Anomaly detection,StreamRHF,nab_nyc_taxi,1541.671875,0.809472666001966,207,0.09103596349973161,0.1635878692087326
9522,Anomaly detection,StreamRHF,nab_nyc_taxi,1541.671875,0.8270986250026908,207,0.08905692081495484,0.16030977734753146
9729,Anomaly detection,StreamRHF,nab_nyc_taxi,1541.671875,0.8453628750030475,207,0.08716209271250899,0.15716048211065767
9936,Anomaly detection,StreamRHF,nab_nyc_taxi,1541.671875,0.8634825000008277,207,0.0853462157809984,0.154132539091586
10143,Anomaly detection,StreamRHF,nab_nyc_taxi,1541.671875,0.8820545000016864,207,0.09997042295178941,0.17882522263200504
5697,Anomaly detection,StreamingIsolationForest,creditcard,1568.796875,0.40634508299990557,0,0.0,0.0
11394,Anomaly detection,StreamingIsolationForest,creditcard,1568.8125,0.809083541000291,0,0.0,0.0
17091,Anomaly detection,StreamingIsolationForest,creditcard,1568.8125,1.2406357079998998,0,0.0,0.0
22788,Anomaly detection,StreamingIsolationForest,creditcard,1560.859375,1.6925083749993064,0,0.0,0.0
28485,Anomaly detection,StreamingIsolationForest,creditcard,1560.875,2.096841874998063,0,0.0,0.0
34182,Anomaly detection,StreamingIsolationForest,creditcard,1559.984375,2.547176625001157,0,0.0,0.0
39879,Anomaly detection,StreamingIsolationForest,creditcard,1560.03125,2.9540777080001135,0,0.0,0.0
45576,Anomaly detection,StreamingIsolationForest,creditcard,1559.890625,3.409283790999325,0,0.0,0.0
51273,Anomaly detection,StreamingIsolationForest,creditcard,1559.9375,3.8575721249981143,0,0.0,0.0
56970,Anomaly detection,StreamingIsolationForest,creditcard,1560.03125,4.347753499998362,0,0.0,0.0
62667,Anomaly detection,StreamingIsolationForest,creditcard,1560.140625,4.8939050830013,0,0.0,0.0
68364,Anomaly detection,StreamingIsolationForest,creditcard,1560.25,5.472296625001036,0,0.0,0.0
74061,Anomaly detection,StreamingIsolationForest,creditcard,1560.34375,6.163887165999768,0,0.0,0.0
79758,Anomaly detection,StreamingIsolationForest,creditcard,1568.3125,6.740820540999266,0,0.0,0.0
85455,Anomaly detection,StreamingIsolationForest,creditcard,1579.953125,7.140430250001373,0,0.0,0.0
91152,Anomaly detection,StreamingIsolationForest,creditcard,1591.59375,7.539516332999483,0,0.0,0.0
96849,Anomaly detection,StreamingIsolationForest,creditcard,1603.21875,7.936419707999448,0,0.0,0.0
102546,Anomaly detection,StreamingIsolationForest,creditcard,1614.859375,8.330576125001244,0,0.0,0.0
108243,Anomaly detection,StreamingIsolationForest,creditcard,1626.5,8.727310708000005,0,0.0,0.0
113940,Anomaly detection,StreamingIsolationForest,creditcard,1638.140625,9.1294862499999,0,0.0,0.0
119637,Anomaly detection,StreamingIsolationForest,creditcard,1594.84375,9.658642999998847,0,0.0,0.0
125334,Anomaly detection,StreamingIsolationForest,creditcard,1606.46875,10.061165333001554,0,0.0,0.0
131031,Anomaly detection,StreamingIsolationForest,creditcard,1618.09375,10.463116415998229,0,0.0,0.0
136728,Anomaly detection,StreamingIsolationForest,creditcard,1629.984375,10.888432957999612,0,0.0,0.0
142425,Anomaly detection,StreamingIsolationForest,creditcard,1641.65625,11.284512707999966,0,0.0,0.0
148122,Anomaly detection,StreamingIsolationForest,creditcard,1653.265625,11.678915874999802,0,0.0,0.0
153819,Anomaly detection,StreamingIsolationForest,creditcard,1664.890625,12.075422665999213,0,0.0,0.0
159516,Anomaly detection,StreamingIsolationForest,creditcard,1685.046875,12.541229124999518,0,0.0,0.0
165213,Anomaly detection,StreamingIsolationForest,creditcard,1685.109375,12.941850332998001,0,0.0,0.0
170910,Anomaly detection,StreamingIsolationForest,creditcard,1685.171875,13.340351750000991,0,0.0,0.0
176607,Anomaly detection,StreamingIsolationForest,creditcard,1685.203125,13.739609290998487,0,0.0,0.0
182304,Anomaly detection,StreamingIsolationForest,creditcard,1685.71875,14.146852958001546,0,0.0,0.0
188001,Anomaly detection,StreamingIsolationForest,creditcard,1686.640625,14.541916665999452,0,0.0,0.0
193698,Anomaly detection,StreamingIsolationForest,creditcard,1725.375,15.38792841599934,0,0.0,0.0
199395,Anomaly detection,StreamingIsolationForest,creditcard,1726.28125,15.794211874999746,0,0.0,0.0
205092,Anomaly detection,StreamingIsolationForest,creditcard,1727.234375,16.19778445799966,0,0.0,0.0
210789,Anomaly detection,StreamingIsolationForest,creditcard,1728.140625,16.601223958001356,0,0.0,0.0
216486,Anomaly detection,StreamingIsolationForest,creditcard,1729.09375,17.00480612499814,0,0.0,0.0
222183,Anomaly detection,StreamingIsolationForest,creditcard,1730.0,17.406664875001297,0,0.0,0.0
227880,Anomaly detection,StreamingIsolationForest,creditcard,1730.953125,17.81083104099889,0,0.0,0.0
233577,Anomaly detection,StreamingIsolationForest,creditcard,1739.46875,18.28151591599817,0,0.0,0.0
239274,Anomaly detection,StreamingIsolationForest,creditcard,1740.421875,18.685559290999663,0,0.0,0.0
244971,Anomaly detection,StreamingIsolationForest,creditcard,1741.3125,19.08802737500082,0,0.0,0.0
250668,Anomaly detection,StreamingIsolationForest,creditcard,1742.296875,19.49005379099981,0,0.0,0.0
256365,Anomaly detection,StreamingIsolationForest,creditcard,1743.203125,19.88925404100155,0,0.0,0.0
262062,Anomaly detection,StreamingIsolationForest,creditcard,1744.125,20.2934681250008,0,0.0,0.0
267759,Anomaly detection,StreamingIsolationForest,creditcard,1765.453125,20.77345187500032,0,0.0,0.0
273456,Anomaly detection,StreamingIsolationForest,creditcard,1777.9375,21.177698915998917,0,0.0,0.0
279153,Anomaly detection,StreamingIsolationForest,creditcard,1790.40625,21.579686290999234,0,0.0,0.0
9881,Anomaly detection,StreamingIsolationForest,kdd99_10pct_binary,1795.703125,0.686644334000448,0,0.0,0.0
19762,Anomaly detection,StreamingIsolationForest,kdd99_10pct_binary,1795.734375,1.347247083998809,0,0.0,0.0
29643,Anomaly detection,StreamingIsolationForest,kdd99_10pct_binary,1777.9375,2.070911499999056,0,0.0,0.0
39524,Anomaly detection,StreamingIsolationForest,kdd99_10pct_binary,1776.0625,2.7944600420014467,0,0.0,0.0
49405,Anomaly detection,StreamingIsolationForest,kdd99_10pct_binary,1774.375,3.570236791998468,0,0.0,0.0
59286,Anomaly detection,StreamingIsolationForest,kdd99_10pct_binary,1774.53125,4.348513124998135,0,0.0,0.0
69167,Anomaly detection,StreamingIsolationForest,kdd99_10pct_binary,1773.71875,5.358964916998957,0,0.0,0.0
79048,Anomaly detection,StreamingIsolationForest,kdd99_10pct_binary,1785.84375,6.622362583999347,0,0.0,0.0
88929,Anomaly detection,StreamingIsolationForest,kdd99_10pct_binary,1806.0,7.286041416999069,0,0.0,0.0
98810,Anomaly detection,StreamingIsolationForest,kdd99_10pct_binary,1826.203125,7.9474506250007835,0,0.0,0.0
108691,Anomaly detection,StreamingIsolationForest,kdd99_10pct_binary,1846.375,8.646976584001095,0,0.0,0.0
118572,Anomaly detection,StreamingIsolationForest,kdd99_10pct_binary,1808.390625,9.488379834001535,0,0.0,0.0
128453,Anomaly detection,StreamingIsolationForest,kdd99_10pct_binary,1828.8125,10.14785583399862,0,0.0,0.0
138334,Anomaly detection,StreamingIsolationForest,kdd99_10pct_binary,1850.5,10.805402958998457,0,0.0,0.0
148215,Anomaly detection,StreamingIsolationForest,kdd99_10pct_binary,1872.203125,11.46382208399882,0,0.0,0.0
158096,Anomaly detection,StreamingIsolationForest,kdd99_10pct_binary,1892.0,12.203229250000732,0,0.0,0.0
167977,Anomaly detection,StreamingIsolationForest,kdd99_10pct_binary,1893.609375,12.861987208998471,0,0.0,0.0
177858,Anomaly detection,StreamingIsolationForest,kdd99_10pct_binary,1895.21875,13.52223312500064,0,0.0,0.0
187739,Anomaly detection,StreamingIsolationForest,kdd99_10pct_binary,1920.078125,14.263638459000504,0,0.0,0.0
197620,Anomaly detection,StreamingIsolationForest,kdd99_10pct_binary,1921.75,14.922123500000453,0,0.0,0.0
207501,Anomaly detection,StreamingIsolationForest,kdd99_10pct_binary,1923.34375,15.610940292001033,0,0.0,0.0
217382,Anomaly detection,StreamingIsolationForest,kdd99_10pct_binary,1924.921875,16.27674774999832,0,0.0,0.0
227263,Anomaly detection,StreamingIsolationForest,kdd99_10pct_binary,1954.109375,17.246137624999392,0,0.0,0.0
237144,Anomaly detection,StreamingIsolationForest,kdd99_10pct_binary,1955.71875,17.900326916998893,0,0.0,0.0
247025,Anomaly detection,StreamingIsolationForest,kdd99_10pct_binary,1957.359375,18.559748042000138,0,0.0,0.0
256906,Anomaly detection,StreamingIsolationForest,kdd99_10pct_binary,1979.59375,19.30194316699999,0,0.0,0.0
266787,Anomaly detection,StreamingIsolationForest,kdd99_10pct_binary,2001.28125,19.957685166999,0,0.0,0.0
276668,Anomaly detection,StreamingIsolationForest,kdd99_10pct_binary,2022.984375,20.61333195900079,0,0.0,0.0
286549,Anomaly detection,StreamingIsolationForest,kdd99_10pct_binary,2035.0,21.26561058399966,0,0.0,0.0
296430,Anomaly detection,StreamingIsolationForest,kdd99_10pct_binary,2053.484375,22.00943366700085,0,0.0,0.0
306311,Anomaly detection,StreamingIsolationForest,kdd99_10pct_binary,2055.078125,22.75098616700052,0,0.0,0.0
316192,Anomaly detection,StreamingIsolationForest,kdd99_10pct_binary,2056.6875,23.403839583999797,0,0.0,0.0
326073,Anomaly detection,StreamingIsolationForest,kdd99_10pct_binary,2078.1875,24.158379208998667,0,0.0,0.0
335954,Anomaly detection,StreamingIsolationForest,kdd99_10pct_binary,2079.78125,24.94854566700087,0,0.0,0.0
345835,Anomaly detection,StreamingIsolationForest,kdd99_10pct_binary,2081.421875,25.598993749998044,0,0.0,0.0
355716,Anomaly detection,StreamingIsolationForest,kdd99_10pct_binary,2090.828125,26.34872075000021,0,0.0,0.0
365597,Anomaly detection,StreamingIsolationForest,kdd99_10pct_binary,2092.421875,26.999392375000753,0,0.0,0.0
375478,Anomaly detection,StreamingIsolationForest,kdd99_10pct_binary,2094.046875,27.651208625000436,0,0.0,0.0
385359,Anomaly detection,StreamingIsolationForest,kdd99_10pct_binary,2096.203125,28.39924975000031,0,0.0,0.0
395240,Anomaly detection,StreamingIsolationForest,kdd99_10pct_binary,2097.796875,29.051117458999215,0,0.0,0.0
405121,Anomaly detection,StreamingIsolationForest,kdd99_10pct_binary,2099.78125,29.79924362499878,0,0.0,0.0
415002,Anomaly detection,StreamingIsolationForest,kdd99_10pct_binary,2101.390625,30.455137291999563,0,0.0,0.0
424883,Anomaly detection,StreamingIsolationForest,kdd99_10pct_binary,2103.3125,31.336510875000386,0,0.0,0.0
434764,Anomaly detection,StreamingIsolationForest,kdd99_10pct_binary,2105.1875,32.1229188340003,0,0.0,0.0
444645,Anomaly detection,StreamingIsolationForest,kdd99_10pct_binary,2106.765625,32.86602950000088,0,0.0,0.0
454526,Anomaly detection,StreamingIsolationForest,kdd99_10pct_binary,2108.546875,33.62719737500083,0,0.0,0.0
464407,Anomaly detection,StreamingIsolationForest,kdd99_10pct_binary,2110.421875,34.49695787499877,0,0.0,0.0
474288,Anomaly detection,StreamingIsolationForest,kdd99_10pct_binary,2113.59375,35.36631837499954,0,0.0,0.0
484169,Anomaly detection,StreamingIsolationForest,kdd99_10pct_binary,2115.34375,36.242946916998335,0,0.0,0.0
207,Anomaly detection,StreamingIsolationForest,nab_nyc_taxi,1801.15625,0.0150041249980859,0,0.0,0.0
414,Anomaly detection,StreamingIsolationForest,nab_nyc_taxi,1801.578125,0.029604082999867387,0,0.0,0.0
621,Anomaly detection,StreamingIsolationForest,nab_nyc_taxi,1802.0,0.04394904099899577,0,0.0,0.0
828,Anomaly detection,StreamingIsolationForest,nab_nyc_taxi,1802.421875,0.05745483300052001,0,0.0,0.0
1035,Anomaly detection,StreamingIsolationForest,nab_nyc_taxi,1802.84375,0.07108970799890812,0,0.0,0.0
1242,Anomaly detection,StreamingIsolationForest,nab_nyc_taxi,1803.265625,0.08532379099779064,0,0.0,0.0
1449,Anomaly detection,StreamingIsolationForest,nab_nyc_taxi,1803.6875,0.09963475000040489,0,0.0,0.0
1656,Anomaly detection,StreamingIsolationForest,nab_nyc_taxi,1804.109375,0.1141053749997809,0,0.0,0.0
1863,Anomaly detection,StreamingIsolationForest,nab_nyc_taxi,1804.53125,0.12875133299894514,0,0.0,0.0
2070,Anomaly detection,StreamingIsolationForest,nab_nyc_taxi,1804.9375,0.14569408299939823,0,0.0,0.0
2277,Anomaly detection,StreamingIsolationForest,nab_nyc_taxi,1805.359375,0.16345179099880625,0,0.0,0.0
2484,Anomaly detection,StreamingIsolationForest,nab_nyc_taxi,1805.78125,0.17837129100007587,0,0.0,0.0
2691,Anomaly detection,StreamingIsolationForest,nab_nyc_taxi,1806.203125,0.19264512500012643,0,0.0,0.0
2898,Anomaly detection,StreamingIsolationForest,nab_nyc_taxi,1806.625,0.20696645799762337,0,0.0,0.0
3105,Anomaly detection,StreamingIsolationForest,nab_nyc_taxi,1807.046875,0.22145399999863002,0,0.0,0.0
3312,Anomaly detection,StreamingIsolationForest,nab_nyc_taxi,1807.46875,0.23523612499775481,0,0.0,0.0
3519,Anomaly detection,StreamingIsolationForest,nab_nyc_taxi,1807.890625,0.24991483299891115,0,0.0,0.0
3726,Anomaly detection,StreamingIsolationForest,nab_nyc_taxi,1808.3125,0.2642886659996293,0,0.0,0.0
3933,Anomaly detection,StreamingIsolationForest,nab_nyc_taxi,1808.734375,0.278300207999564,0,0.0,0.0
4140,Anomaly detection,StreamingIsolationForest,nab_nyc_taxi,1809.15625,0.2919647079979768,0,0.0,0.0
4347,Anomaly detection,StreamingIsolationForest,nab_nyc_taxi,1809.578125,0.3059918330000073,0,0.0,0.0
4554,Anomaly detection,StreamingIsolationForest,nab_nyc_taxi,1809.984375,0.32009950000065146,0,0.0,0.0
4761,Anomaly detection,StreamingIsolationForest,nab_nyc_taxi,1810.421875,0.33437545799824875,0,0.0,0.0
4968,Anomaly detection,StreamingIsolationForest,nab_nyc_taxi,1810.828125,0.34891262499877485,0,0.0,0.0
5175,Anomaly detection,StreamingIsolationForest,nab_nyc_taxi,1811.25,0.3624745829984022,0,0.0,0.0
5382,Anomaly detection,StreamingIsolationForest,nab_nyc_taxi,1811.671875,0.3766421660002379,0,0.0,0.0
5589,Anomaly detection,StreamingIsolationForest,nab_nyc_taxi,1812.09375,0.39079620799748227,0,0.0,0.0
5796,Anomaly detection,StreamingIsolationForest,nab_nyc_taxi,1812.515625,0.4045412909981678,0,0.0,0.0
6003,Anomaly detection,StreamingIsolationForest,nab_nyc_taxi,1812.9375,0.4187478749990987,0,0.0,0.0
6210,Anomaly detection,StreamingIsolationForest,nab_nyc_taxi,1813.359375,0.43309383299856563,0,0.0,0.0
6417,Anomaly detection,StreamingIsolationForest,nab_nyc_taxi,1813.78125,0.44753066599878366,0,0.0,0.0
6624,Anomaly detection,StreamingIsolationForest,nab_nyc_taxi,1814.203125,0.4614385829991079,0,0.0,0.0
6831,Anomaly detection,StreamingIsolationForest,nab_nyc_taxi,1814.625,0.47553941599835525,0,0.0,0.0
7038,Anomaly detection,StreamingIsolationForest,nab_nyc_taxi,1815.046875,0.48956204099886236,0,0.0,0.0
7245,Anomaly detection,StreamingIsolationForest,nab_nyc_taxi,1815.46875,0.504248582998116,0,0.0,0.0
7452,Anomaly detection,StreamingIsolationForest,nab_nyc_taxi,1815.875,0.5184164159982174,0,0.0,0.0
7659,Anomaly detection,StreamingIsolationForest,nab_nyc_taxi,1816.296875,0.5322610830007761,0,0.0,0.0
7866,Anomaly detection,StreamingIsolationForest,nab_nyc_taxi,1816.71875,0.5462411250009609,0,0.0,0.0
8073,Anomaly detection,StreamingIsolationForest,nab_nyc_taxi,1817.140625,0.5606373329974303,0,0.0,0.0
8280,Anomaly detection,StreamingIsolationForest,nab_nyc_taxi,1817.5625,0.5742375829977391,0,0.0,0.0
8487,Anomaly detection,StreamingIsolationForest,nab_nyc_taxi,1817.984375,0.5879895830003079,0,0.0,0.0
8694,Anomaly detection,StreamingIsolationForest,nab_nyc_taxi,1818.40625,0.602265665998857,0,0.0,0.0
8901,Anomaly detection,StreamingIsolationForest,nab_nyc_taxi,1818.828125,0.6167332500008342,0,0.0,0.0
9108,Anomaly detection,StreamingIsolationForest,nab_nyc_taxi,1819.25,0.6304249579989119,0,0.0,0.0
9315,Anomaly detection,StreamingIsolationForest,nab_nyc_taxi,1819.671875,0.6455394999975397,0,0.0,0.0
9522,Anomaly detection,StreamingIsolationForest,nab_nyc_taxi,1820.09375,0.6595628750001197,0,0.0,0.0
9729,Anomaly detection,StreamingIsolationForest,nab_nyc_taxi,1820.515625,0.6733519160006836,0,0.0,0.0
9936,Anomaly detection,StreamingIsolationForest,nab_nyc_taxi,1820.9375,0.6876129579977714,0,0.0,0.0
10143,Anomaly detection,StreamingIsolationForest,nab_nyc_taxi,1821.359375,0.7017849999974715,0,0.0,0.0
5697,Anomaly detection,RobustRandomCutForest,creditcard,1594.875,1.4624127499992028,0,0.0,0.0
11394,Anomaly detection,RobustRandomCutForest,creditcard,1595.96875,2.9140302919986425,0,0.0,0.0
17091,Anomaly detection,RobustRandomCutForest,creditcard,1596.21875,4.43316537499777,0,0.0,0.0
22788,Anomaly detection,RobustRandomCutForest,creditcard,1596.21875,5.914861874996859,0,0.0,0.0
28485,Anomaly detection,RobustRandomCutForest,creditcard,1597.03125,7.452140457997302,0,0.0,0.0
34182,Anomaly detection,RobustRandomCutForest,creditcard,1597.0625,8.936057291997713,0,0.0,0.0
39879,Anomaly detection,RobustRandomCutForest,creditcard,1597.90625,10.53732087499884,0,0.0,0.0
45576,Anomaly detection,RobustRandomCutForest,creditcard,1599.875,11.995150499999,0,0.0,0.0
51273,Anomaly detection,RobustRandomCutForest,creditcard,1599.875,13.5053944579995,0,0.0,0.0
56970,Anomaly detection,RobustRandomCutForest,creditcard,1599.890625,14.971745249997184,0,0.0,0.0
62667,Anomaly detection,RobustRandomCutForest,creditcard,1599.890625,16.469705542000156,0,0.0,0.0
68364,Anomaly detection,RobustRandomCutForest,creditcard,1599.890625,17.98585845799971,0,0.0,0.0
74061,Anomaly detection,RobustRandomCutForest,creditcard,1599.890625,19.44494745799966,0,0.0,0.0
79758,Anomaly detection,RobustRandomCutForest,creditcard,1599.890625,20.917783375,0,0.0,0.0
85455,Anomaly detection,RobustRandomCutForest,creditcard,1599.90625,22.42247737499929,0,0.0,0.0
91152,Anomaly detection,RobustRandomCutForest,creditcard,1599.90625,23.98060374999841,0,0.0,0.0
96849,Anomaly detection,RobustRandomCutForest,creditcard,1599.90625,25.581208291998337,0,0.0,0.0
102546,Anomaly detection,RobustRandomCutForest,creditcard,1599.90625,27.088622332998057,0,0.0,0.0
108243,Anomaly detection,RobustRandomCutForest,creditcard,1599.90625,28.54632995799693,0,0.0,0.0
113940,Anomaly detection,RobustRandomCutForest,creditcard,1599.90625,30.024522666997655,0,0.0,0.0
119637,Anomaly detection,RobustRandomCutForest,creditcard,1599.90625,31.66876258299817,0,0.0,0.0
125334,Anomaly detection,RobustRandomCutForest,creditcard,1599.96875,33.19436599999972,0,0.0,0.0
131031,Anomaly detection,RobustRandomCutForest,creditcard,1599.96875,34.77468408299683,0,0.0,0.0
136728,Anomaly detection,RobustRandomCutForest,creditcard,1599.96875,36.42855345799762,0,0.0,0.0
142425,Anomaly detection,RobustRandomCutForest,creditcard,1600.0,38.01670829199793,0,0.0,0.0
148122,Anomaly detection,RobustRandomCutForest,creditcard,1600.0,39.49362583299808,0,0.0,0.0
153819,Anomaly detection,RobustRandomCutForest,creditcard,1600.0,40.98919683299755,0,0.0,0.0
159516,Anomaly detection,RobustRandomCutForest,creditcard,1600.0,42.44865974999993,0,0.0,0.0
165213,Anomaly detection,RobustRandomCutForest,creditcard,1600.0,43.90416579199882,0,0.0,0.0
170910,Anomaly detection,RobustRandomCutForest,creditcard,1600.0,45.45092891699824,0,0.0,0.0
176607,Anomaly detection,RobustRandomCutForest,creditcard,1600.0,46.947772416999214,0,0.0,0.0
182304,Anomaly detection,RobustRandomCutForest,creditcard,1600.0,48.430975374998525,0,0.0,0.0
188001,Anomaly detection,RobustRandomCutForest,creditcard,1600.0,49.880036916998506,0,0.0,0.0
193698,Anomaly detection,RobustRandomCutForest,creditcard,1600.0,51.39294612499725,0,0.0,0.0
199395,Anomaly detection,RobustRandomCutForest,creditcard,1600.03125,52.84668620799857,0,0.0,0.0
205092,Anomaly detection,RobustRandomCutForest,creditcard,1600.03125,54.307939416998124,0,0.0,0.0
210789,Anomaly detection,RobustRandomCutForest,creditcard,1600.046875,55.80982512499759,0,0.0,0.0
216486,Anomaly detection,RobustRandomCutForest,creditcard,1600.046875,57.283482124999864,0,0.0,0.0
222183,Anomaly detection,RobustRandomCutForest,creditcard,1600.046875,58.75442341699818,0,0.0,0.0
227880,Anomaly detection,RobustRandomCutForest,creditcard,1600.046875,60.37613504199908,0,0.0,0.0
233577,Anomaly detection,RobustRandomCutForest,creditcard,1600.046875,62.001099082997825,0,0.0,0.0
239274,Anomaly detection,RobustRandomCutForest,creditcard,1600.046875,63.46972016699874,0,0.0,0.0
244971,Anomaly detection,RobustRandomCutForest,creditcard,1600.046875,64.9227930829984,0,0.0,0.0
250668,Anomaly detection,RobustRandomCutForest,creditcard,1600.046875,66.43782962499972,0,0.0,0.0
256365,Anomaly detection,RobustRandomCutForest,creditcard,1600.046875,67.90525683299711,0,0.0,0.0
262062,Anomaly detection,RobustRandomCutForest,creditcard,1600.046875,69.37427720799678,0,0.0,0.0
267759,Anomaly detection,RobustRandomCutForest,creditcard,1600.046875,70.86157554199963,0,0.0,0.0
273456,Anomaly detection,RobustRandomCutForest,creditcard,1600.046875,72.58317616699787,0,0.0,0.0
279153,Anomaly detection,RobustRandomCutForest,creditcard,1600.046875,74.17182137499913,0,0.0,0.0
9881,Anomaly detection,RobustRandomCutForest,kdd99_10pct_binary,1678.078125,2.430975084000238,0,0.0,0.0
19762,Anomaly detection,RobustRandomCutForest,kdd99_10pct_binary,1679.328125,4.8928597920021275,0,0.0,0.0
29643,Anomaly detection,RobustRandomCutForest,kdd99_10pct_binary,1679.328125,7.478739875001338,0,0.0,0.0
39524,Anomaly detection,RobustRandomCutForest,kdd99_10pct_binary,1679.328125,9.983629834001476,0,0.0,0.0
49405,Anomaly detection,RobustRandomCutForest,kdd99_10pct_binary,1679.578125,12.530913042002794,0,0.0,0.0
59286,Anomaly detection,RobustRandomCutForest,kdd99_10pct_binary,1680.640625,15.255096709002828,0,0.0,0.0
69167,Anomaly detection,RobustRandomCutForest,kdd99_10pct_binary,1680.640625,17.802957334002713,0,0.0,0.0
79048,Anomaly detection,RobustRandomCutForest,kdd99_10pct_binary,1680.640625,20.30850245900001,0,0.0,0.0
88929,Anomaly detection,RobustRandomCutForest,kdd99_10pct_binary,1680.6875,23.14234808400215,0,0.0,0.0
98810,Anomaly detection,RobustRandomCutForest,kdd99_10pct_binary,1681.078125,25.812167750002118,0,0.0,0.0
108691,Anomaly detection,RobustRandomCutForest,kdd99_10pct_binary,1681.125,28.483822959002282,0,0.0,0.0
118572,Anomaly detection,RobustRandomCutForest,kdd99_10pct_binary,1681.125,31.002310916999704,0,0.0,0.0
128453,Anomaly detection,RobustRandomCutForest,kdd99_10pct_binary,1681.125,33.53050570900086,0,0.0,0.0
138334,Anomaly detection,RobustRandomCutForest,kdd99_10pct_binary,1681.125,36.10824679200232,0,0.0,0.0
148215,Anomaly detection,RobustRandomCutForest,kdd99_10pct_binary,1681.125,38.659485250002035,0,0.0,0.0
158096,Anomaly detection,RobustRandomCutForest,kdd99_10pct_binary,1681.125,41.148721667002974,0,0.0,0.0
167977,Anomaly detection,RobustRandomCutForest,kdd99_10pct_binary,1681.125,43.67943225000272,0,0.0,0.0
177858,Anomaly detection,RobustRandomCutForest,kdd99_10pct_binary,1681.125,46.17356304200075,0,0.0,0.0
187739,Anomaly detection,RobustRandomCutForest,kdd99_10pct_binary,1681.140625,48.88774112499959,0,0.0,0.0
197620,Anomaly detection,RobustRandomCutForest,kdd99_10pct_binary,1681.140625,51.52422250000018,0,0.0,0.0
207501,Anomaly detection,RobustRandomCutForest,kdd99_10pct_binary,1681.15625,54.07983945900196,0,0.0,0.0
217382,Anomaly detection,RobustRandomCutForest,kdd99_10pct_binary,1681.15625,56.631818459001806,0,0.0,0.0
227263,Anomaly detection,RobustRandomCutForest,kdd99_10pct_binary,1681.15625,59.146570750002866,0,0.0,0.0
237144,Anomaly detection,RobustRandomCutForest,kdd99_10pct_binary,1681.15625,61.767756042001565,0,0.0,0.0
247025,Anomaly detection,RobustRandomCutForest,kdd99_10pct_binary,1681.15625,64.54372320900075,0,0.0,0.0
256906,Anomaly detection,RobustRandomCutForest,kdd99_10pct_binary,1681.21875,67.09339725000245,0,0.0,0.0
266787,Anomaly detection,RobustRandomCutForest,kdd99_10pct_binary,1681.21875,69.57622679199994,0,0.0,0.0
276668,Anomaly detection,RobustRandomCutForest,kdd99_10pct_binary,1681.21875,72.13334650000252,0,0.0,0.0
286549,Anomaly detection,RobustRandomCutForest,kdd99_10pct_binary,1681.21875,74.7330252089996,0,0.0,0.0
296430,Anomaly detection,RobustRandomCutForest,kdd99_10pct_binary,1681.21875,77.39978195900039,0,0.0,0.0
306311,Anomaly detection,RobustRandomCutForest,kdd99_10pct_binary,1681.21875,79.92207533400142,0,0.0,0.0
316192,Anomaly detection,RobustRandomCutForest,kdd99_10pct_binary,1681.234375,82.51238308400207,0,0.0,0.0
326073,Anomaly detection,RobustRandomCutForest,kdd99_10pct_binary,1681.234375,85.0518117089996,0,0.0,0.0
335954,Anomaly detection,RobustRandomCutForest,kdd99_10pct_binary,1681.25,87.62784025000292,0,0.0,0.0
345835,Anomaly detection,RobustRandomCutForest,kdd99_10pct_binary,1681.25,90.24702795900157,0,0.0,0.0
355716,Anomaly detection,RobustRandomCutForest,kdd99_10pct_binary,1681.25,92.84305095899981,0,0.0,0.0
365597,Anomaly detection,RobustRandomCutForest,kdd99_10pct_binary,1681.25,95.36352133400214,0,0.0,0.0
375478,Anomaly detection,RobustRandomCutForest,kdd99_10pct_binary,1681.25,98.05339183400065,0,0.0,0.0
385359,Anomaly detection,RobustRandomCutForest,kdd99_10pct_binary,1681.25,100.64227554200261,0,0.0,0.0
395240,Anomaly detection,RobustRandomCutForest,kdd99_10pct_binary,1681.265625,103.23791008400076,0,0.0,0.0
405121,Anomaly detection,RobustRandomCutForest,kdd99_10pct_binary,1681.265625,105.79142108400265,0,0.0,0.0
415002,Anomaly detection,RobustRandomCutForest,kdd99_10pct_binary,1681.265625,108.39456095900096,0,0.0,0.0
424883,Anomaly detection,RobustRandomCutForest,kdd99_10pct_binary,1681.265625,110.9574258749999,0,0.0,0.0
434764,Anomaly detection,RobustRandomCutForest,kdd99_10pct_binary,1681.265625,113.57053787500263,0,0.0,0.0
444645,Anomaly detection,RobustRandomCutForest,kdd99_10pct_binary,1681.71875,116.26420883399987,0,0.0,0.0
454526,Anomaly detection,RobustRandomCutForest,kdd99_10pct_binary,1681.71875,118.84719729200151,0,0.0,0.0
464407,Anomaly detection,RobustRandomCutForest,kdd99_10pct_binary,1681.71875,121.38358137500109,0,0.0,0.0
474288,Anomaly detection,RobustRandomCutForest,kdd99_10pct_binary,1681.734375,124.05520020900076,0,0.0,0.0
484169,Anomaly detection,RobustRandomCutForest,kdd99_10pct_binary,1681.734375,126.74577116699948,0,0.0,0.0
207,Anomaly detection,RobustRandomCutForest,nab_nyc_taxi,1734.578125,0.04430208399935509,0,0.0,0.0
414,Anomaly detection,RobustRandomCutForest,nab_nyc_taxi,1734.578125,0.0906434589996934,0,0.0,0.0
621,Anomaly detection,RobustRandomCutForest,nab_nyc_taxi,1734.578125,0.13725070899818093,0,0.0,0.0
828,Anomaly detection,RobustRandomCutForest,nab_nyc_taxi,1734.578125,0.18438833400068688,0,0.0,0.0
1035,Anomaly detection,RobustRandomCutForest,nab_nyc_taxi,1734.578125,0.2310660840012133,0,0.0,0.0
1242,Anomaly detection,RobustRandomCutForest,nab_nyc_taxi,1734.578125,0.28091137500086916,0,0.0,0.0
1449,Anomaly detection,RobustRandomCutForest,nab_nyc_taxi,1734.578125,0.3335487920012383,0,0.0,0.0
1656,Anomaly detection,RobustRandomCutForest,nab_nyc_taxi,1734.578125,0.3834758339980908,0,0.0,0.0
1863,Anomaly detection,RobustRandomCutForest,nab_nyc_taxi,1734.578125,0.43262775000039255,0,0.0,0.0
2070,Anomaly detection,RobustRandomCutForest,nab_nyc_taxi,1734.578125,0.4836554169996816,0,0.0,0.0
2277,Anomaly detection,RobustRandomCutForest,nab_nyc_taxi,1734.578125,0.5347704999985581,0,0.0,0.0
2484,Anomaly detection,RobustRandomCutForest,nab_nyc_taxi,1734.578125,0.5854014169999573,0,0.0,0.0
2691,Anomaly detection,RobustRandomCutForest,nab_nyc_taxi,1734.578125,0.6358016669983044,0,0.0,0.0
2898,Anomaly detection,RobustRandomCutForest,nab_nyc_taxi,1734.578125,0.6867588749992137,0,0.0,0.0
3105,Anomaly detection,RobustRandomCutForest,nab_nyc_taxi,1735.421875,0.7412026249985502,0,0.0,0.0
3312,Anomaly detection,RobustRandomCutForest,nab_nyc_taxi,1735.421875,0.7912300839998352,0,0.0,0.0
3519,Anomaly detection,RobustRandomCutForest,nab_nyc_taxi,1735.421875,0.8423012089988333,0,0.0,0.0
3726,Anomaly detection,RobustRandomCutForest,nab_nyc_taxi,1735.421875,0.8929801249978482,0,0.0,0.0
3933,Anomaly detection,RobustRandomCutForest,nab_nyc_taxi,1735.421875,0.944517416999588,0,0.0,0.0
4140,Anomaly detection,RobustRandomCutForest,nab_nyc_taxi,1735.421875,0.9954073749977397,0,0.0,0.0
4347,Anomaly detection,RobustRandomCutForest,nab_nyc_taxi,1735.4375,1.0453882090005209,0,0.0,0.0
4554,Anomaly detection,RobustRandomCutForest,nab_nyc_taxi,1735.4375,1.0962178339977982,0,0.0,0.0
4761,Anomaly detection,RobustRandomCutForest,nab_nyc_taxi,1735.4375,1.147414333998313,0,0.0,0.0
4968,Anomaly detection,RobustRandomCutForest,nab_nyc_taxi,1735.4375,1.2008994169991638,0,0.0,0.0
5175,Anomaly detection,RobustRandomCutForest,nab_nyc_taxi,1735.4375,1.2510267500001646,0,0.0,0.0
5382,Anomaly detection,RobustRandomCutForest,nab_nyc_taxi,1735.4375,1.3021013750003476,0,0.0,0.0
5589,Anomaly detection,RobustRandomCutForest,nab_nyc_taxi,1735.4375,1.3524875420007447,0,0.0,0.0
5796,Anomaly detection,RobustRandomCutForest,nab_nyc_taxi,1735.4375,1.4040568339987658,0,0.0,0.0
6003,Anomaly detection,RobustRandomCutForest,nab_nyc_taxi,1735.4375,1.4548528339983022,0,0.0,0.0
6210,Anomaly detection,RobustRandomCutForest,nab_nyc_taxi,1735.4375,1.506328333998681,0,0.0,0.0
6417,Anomaly detection,RobustRandomCutForest,nab_nyc_taxi,1735.4375,1.5575862919977226,0,0.0,0.0
6624,Anomaly detection,RobustRandomCutForest,nab_nyc_taxi,1736.0625,1.6117960000010498,0,0.0,0.0
6831,Anomaly detection,RobustRandomCutForest,nab_nyc_taxi,1736.0625,1.6628517919998558,0,0.0,0.0
7038,Anomaly detection,RobustRandomCutForest,nab_nyc_taxi,1736.0625,1.7148245839998708,0,0.0,0.0
7245,Anomaly detection,RobustRandomCutForest,nab_nyc_taxi,1736.0625,1.766422208998847,0,0.0,0.0
7452,Anomaly detection,RobustRandomCutForest,nab_nyc_taxi,1736.0625,1.818316541997774,0,0.0,0.0
7659,Anomaly detection,RobustRandomCutForest,nab_nyc_taxi,1736.0625,1.8691509999989648,0,0.0,0.0
7866,Anomaly detection,RobustRandomCutForest,nab_nyc_taxi,1736.0625,1.9204158339998685,0,0.0,0.0
8073,Anomaly detection,RobustRandomCutForest,nab_nyc_taxi,1736.0625,1.9706867919994693,0,0.0,0.0
8280,Anomaly detection,RobustRandomCutForest,nab_nyc_taxi,1736.0625,2.0228230419998,0,0.0,0.0
8487,Anomaly detection,RobustRandomCutForest,nab_nyc_taxi,1736.078125,2.132111333998182,0,0.0,0.0
8694,Anomaly detection,RobustRandomCutForest,nab_nyc_taxi,1736.078125,2.183347916998173,0,0.0,0.0
8901,Anomaly detection,RobustRandomCutForest,nab_nyc_taxi,1736.078125,2.2342828750006447,0,0.0,0.0
9108,Anomaly detection,RobustRandomCutForest,nab_nyc_taxi,1736.078125,2.2856271249984275,0,0.0,0.0
9315,Anomaly detection,RobustRandomCutForest,nab_nyc_taxi,1736.078125,2.337040916998376,0,0.0,0.0
9522,Anomaly detection,RobustRandomCutForest,nab_nyc_taxi,1736.078125,2.3877115420000337,0,0.0,0.0
9729,Anomaly detection,RobustRandomCutForest,nab_nyc_taxi,1736.078125,2.4388187500007916,0,0.0,0.0
9936,Anomaly detection,RobustRandomCutForest,nab_nyc_taxi,1736.078125,2.4895257919997675,0,0.0,0.0
10143,Anomaly detection,RobustRandomCutForest,nab_nyc_taxi,1736.078125,2.5437848750007106,0,0.0,0.0
